曲名,歌手名,ユーザー,スコア,日付
シャッター,優里,まつりく,84.632,2024/02/09 18:43:34
チェリー(生音),スピッツ,まつりく,82.762,2024/02/09 18:53:33
美しい鰭(生音),スピッツ,まつりく,84.680,2024/02/09 19:01:58
シングルベッド,シャ乱Q,まつりく,84.738,2024/02/09 19:12:58
聖槍爆裂ボーイ,れるりり/もじゃ feat.鏡音レン,まつりく,85.175,2024/02/09 19:23:08
脳漿炸裂ガール,れるりり feat.初音ミク&GUMI,まつりく,83.001,2024/02/09 19:32:04
レオ,優里,まつりく,84.554,2024/02/09 19:42:21
I'm a mess,MY FIRST STORY,まつりく,80.303,2024/02/09 19:48:05
I'm a mess,MY FIRST STORY,まつりく,82.746,2024/02/09 19:53:26
Pretender,Official髭男dism,まつりく,86.480,2024/02/09 19:59:15
Pretender,Official髭男dism,まつりく,86.602,2024/02/09 20:04:56
晩餐歌,tuki.,まつりく,85.515,2024/02/09 20:13:46
ケセラセラ,Mrs. GREEN APPLE,まつりく,80.908,2024/02/09 20:39:08
瞬き(生音),back number,まつりく,86.171,2024/02/09 20:46:43
脳漿炸裂ガール,れるりり feat.初音ミク&GUMI,まつりく,86.004,2024/02/13 14:19:30
聖槍爆裂ボーイ,れるりり/もじゃ feat.鏡音レン,まつりく,83.740,2024/02/13 14:28:52
GONG,WANIMA,まつりく,87.770,2024/02/13 14:37:35
シグナル,WANIMA,まつりく,87.190,2024/02/13 14:47:19
明日への手紙,手嶌 葵,まつりく,90.756,2024/02/13 14:56:56
友  ～旅立ちの時～,ゆず,まつりく,85.282,2024/02/13 15:08:08
ともに,WANIMA,まつりく,84.942,2024/02/13 15:18:05
シングルベッド,シャ乱Q,まつりく,88.369,2024/02/13 15:26:07
冬と春,back number,まつりく,82.015,2024/02/13 15:37:09
ヒロイン,back number,まつりく,87.004,2024/02/13 15:47:02
花束,back number,まつりく,86.261,2024/02/13 15:56:16
恋 (プロオケ)(生音),back number,まつりく,86.502,2024/02/13 16:06:14
高嶺の花子さん,back number,まつりく,87.220,2024/02/13 16:15:04
オールドファッション,back number,まつりく,85.491,2024/02/13 16:25:20
ハッピーエンド,back number,まつりく,85.968,2024/02/13 16:34:56
手紙,back number,まつりく,88.714,2024/02/13 16:45:09
わたがし,back number,まつりく,87.655,2024/02/13 16:53:51
大不正解,back number,まつりく,87.525,2024/02/13 17:03:44
脳漿炸裂ガール,れるりり feat.初音ミク&GUMI,まつりく,85.332,2024/02/13 18:18:19
聖槍爆裂ボーイ,れるりり/もじゃ feat.鏡音レン,まつりく,86.063,2024/02/13 18:26:22
大不正解,back number,まつりく,87.760,2024/02/13 18:34:46
僕は君の事が好きだけど君は僕を別に好きじゃないみたい,back number,まつりく,90.766,2024/02/13 18:43:55
エメラルド,back number,まつりく,88.149,2024/02/13 18:53:28
アイラブユー,back number,まつりく,88.899,2024/02/13 19:02:09
瞬き,back number,まつりく,88.304,2024/02/13 19:11:40
光るなら(生音),Goose house,まつりく,90.563,2024/02/13 19:23:43
青春アミーゴ,修二と彰,まつりく,85.645,2024/02/13 19:33:27
星座になれたら(生音),結束バンド,まつりく,90.148,2024/02/13 19:47:23
ギターと孤独と蒼い惑星(生音),結束バンド,まつりく,87.920,2024/02/13 19:57:22
115万キロのフィルム,Official髭男dism,まつりく,88.501,2024/02/13 20:06:43
ノーダウト,Official髭男dism,まつりく,84.073,2024/02/13 20:17:40
イエスタデイ,Official髭男dism,まつりく,87.793,2024/02/13 20:26:09
晩餐歌,tuki.,まつりく,86.158,2024/02/13 20:36:17
サクラキミワタシ,tuki.,まつりく,74.178,2024/02/13 20:45:58
サウダージ,ポルノグラフィティ,まつりく,89.382,2024/02/13 20:53:24
セプテンバーさん,RADWIMPS,まつりく,87.542,2024/02/13 21:02:45
光るなら(生音),Goose house,まつりく,89.548,2024/02/13 21:20:35
わたがし,back number,まつりく,85.965,2024/02/13 21:36:41
わたがし,back number,まつりく,86.540,2024/02/13 21:46:40
わたがし,back number,まつりく,87.346,2024/02/13 21:55:55
わたがし,back number,まつりく,89.097,2024/02/13 22:04:49
わたがし,back number,まつりく,88.915,2024/02/13 22:14:24
わたがし,back number,まつりく,88.459,2024/02/13 22:23:09
花になって,緑黄色社会,まつりく,88.350,2024/02/13 22:40:02
花になって,緑黄色社会,まつりく,87.366,2024/02/13 22:48:12
花になって,緑黄色社会,まつりく,87.217,2024/02/13 22:57:10
花になって,緑黄色社会,まつりく,88.996,2024/02/13 23:06:11
花になって,緑黄色社会,まつりく,88.511,2024/02/13 23:15:08
花になって,緑黄色社会,まつりく,89.186,2024/02/13 23:23:30
手紙,back number,まつりく,87.054,2024/02/13 23:37:10
手紙,back number,まつりく,86.192,2024/02/13 23:46:55
大不正解,back number,まつりく,87.583,2024/02/13 23:57:29
大不正解,back number,まつりく,86.439,2024/02/14 00:06:56
マジで感謝!(アニメオープニングVer.),T-Pistonz+KMC,まつりく,89.161,2024/02/14 04:02:33
光るなら(生音),Goose house,まつりく,88.260,2024/02/14 04:09:02
わたがし,back number,まつりく,86.061,2024/02/26 19:59:02
脳漿炸裂ガール,れるりり feat.初音ミク&GUMI,まつりく,85.727,2024/02/26 20:19:43
聖槍爆裂ボーイ,れるりり/もじゃ feat.鏡音レン,まつりく,86.877,2024/02/26 20:37:32
ギターと孤独と蒼い惑星(生音),結束バンド,まつりく,81.736,2024/02/26 21:04:55
僕は君の事が好きだけど君は僕を別に好きじゃないみたい(生音),back number,まつりく,86.985,2024/02/26 21:23:10
花になって,緑黄色社会,まつりく,86.694,2024/02/26 21:36:44
手紙(生音),back number,まつりく,87.156,2024/02/26 21:54:32
セプテンバーさん,RADWIMPS,まつりく,89.013,2024/02/27 03:09:58
RPG,SEKAI NO OWARI(世界の終わり),まつりく,87.606,2024/02/27 03:33:15
Subtitle,Official髭男dism,まつりく,78.789,2024/02/27 03:55:27
Subtitle,Official髭男dism,まつりく,84.644,2024/02/27 03:57:51
感情,wacci,まつりく,88.586,2024/06/28 15:30:44
恋だろ(生音),wacci,まつりく,89.667,2024/06/28 15:40:48
チェリー(生音),スピッツ,まつりく,90.571,2024/06/28 16:16:14
僕は君の事が好きだけど君は僕を別に好きじゃないみたい,back number,まつりく,87.564,2024/06/28 16:23:06
さよならエレジー,菅田将暉,まつりく,88.119,2024/06/28 16:30:50
別の人の彼女になったよ,wacci,まつりく,88.053,2024/06/28 16:36:37
115万キロのフィルム,Official髭男dism,まつりく,88.042,2024/06/28 16:42:52
大阪LOVER,DREAMS COME TRUE,まつりく,83.941,2024/06/28 17:27:49
シグナル(生音),WANIMA,まつりく,91.778,2024/06/28 17:33:13
光るなら(生音),Goose house,まつりく,90.109,2024/06/28 17:37:28
GONG,WANIMA,まつりく,88.687,2024/06/28 17:42:40
瞬き(生音),back number,まつりく,89.655,2024/06/28 17:48:07
瞬き(生音),back number,まつりく,91.352,2024/06/28 17:54:03
いつか,Saucy Dog,まつりく,87.154,2024/06/28 18:05:24
Friend Ship,星野 源,まつりく,88.544,2024/06/28 18:38:10
SUN,星野 源,まつりく,85.819,2024/06/28 18:43:12
地獄でなぜ悪い,星野 源,まつりく,87.088,2024/06/28 18:47:59
くだらないの中に,星野 源,まつりく,87.170,2024/06/28 18:52:09
Crazy Crazy,星野 源,まつりく,88.381,2024/06/28 18:57:00
わたがし,back number,まつりく,84.640,2024/06/28 19:29:45
マジで感謝!(アニメオープニングVer.),T-Pistonz+KMC,まつりく,87.357,2024/06/28 19:35:53
つながリーヨ(アニメバージョン),T-Pistonz+KMC,まつりく,87.567,2024/06/28 19:39:50
アイラブユー(生音),back number,まつりく,80.831,2024/07/11 15:29:57
アイラブユー(生音),back number,まつりく,82.377,2024/07/11 15:34:42
黄色(生音),back number,まつりく,83.168,2024/07/11 15:41:01
恋だろ(生音),wacci,まつりく,87.510,2024/07/11 16:07:29
恋だろ(生音),wacci,まつりく,89.847,2024/07/11 16:18:55
恋だろ(生音),wacci,まつりく,87.216,2024/07/11 16:26:24
Friend Ship,星野 源,まつりく,88.847,2024/07/11 16:40:14
恋 (プロオケ)(生音),back number,まつりく,89.470,2024/07/11 16:46:07
恋,星野 源,まつりく,87.285,2024/07/11 17:09:58
アップルパイ,back number,まつりく,81.756,2024/07/11 17:17:06
黄色(生音),back number,まつりく,85.789,2024/07/11 17:21:04
クリスマスソング(生音),back number,まつりく,78.278,2024/07/11 17:30:05
感情(生音),wacci,まつりく,87.992,2024/07/11 17:35:51
シグナル(生音),WANIMA,まつりく,90.762,2024/07/11 17:44:37
アイラブユー,back number,まつりく,84.101,2024/07/11 17:52:47
115万キロのフィルム(生音),Official髭男dism,まつりく,77.766,2024/07/11 18:01:07
別の人の彼女になったよ(生音),wacci,まつりく,85.687,2024/07/11 18:20:47
ビリミリオン,優里,まつりく,84.764,2024/07/11 18:30:55
星座になれたら(生音),結束バンド,まつりく,88.443,2024/07/11 18:34:56
さよならエレジー(生音),菅田将暉,まつりく,90.019,2024/07/11 18:42:28
SUN,星野 源,まつりく,84.133,2024/07/11 19:00:06
アイデア(ビデオクリップバージョン)(生音),星野 源,まつりく,85.116,2024/07/11 19:06:35
Crazy Crazy,星野 源,まつりく,85.963,2024/07/11 19:11:28
恋だろ(生音),wacci,まつりく,88.025,2024/07/11 19:16:52
恋だろ(生音),wacci,まつりく,87.367,2024/07/11 19:22:47
恋だろ(生音),wacci,まつりく,86.076,2024/07/11 19:32:27
恋だろ(生音),wacci,まつりく,88.241,2024/07/11 19:39:53
恋だろ(生音),wacci,まつりく,87.966,2024/07/11 19:45:56
地獄でなぜ悪い,星野 源,まつりく,81.405,2024/07/17 15:21:28
Friend Ship,星野 源,まつりく,83.868,2024/07/17 15:31:25
水平線(生音),back number,まつりく,81.233,2024/07/17 15:36:25
チェリー(生音),スピッツ,まつりく,89.157,2024/07/17 15:43:17
さよならエレジー(生音),菅田将暉,まつりく,89.119,2024/07/17 15:49:56
恋だろ(生音),wacci,まつりく,82.039,2024/07/17 16:07:25
恋だろ(生音),wacci,まつりく,85.767,2024/07/17 16:10:53
踊り子,Vaundy,まつりく,82.382,2024/07/17 16:21:06
不可幸力,Vaundy,まつりく,78.445,2024/07/17 16:25:22
全力少年 [良音],スキマスイッチ,まつりく,77.142,2024/07/17 16:31:30
3月9日(生音),レミオロメン,まつりく,88.612,2024/07/17 16:34:30
君に届け(生音),flumpool,まつりく,85.814,2024/07/17 16:41:52
魔法の絨毯(生音),川崎鷹也,まつりく,86.431,2024/07/17 16:51:03
猫(生音),DISH//,まつりく,89.278,2024/07/17 16:56:19
繋いだ手から,back number,まつりく,77.914,2024/07/17 17:03:47
fish(生音),back number,まつりく,84.902,2024/07/17 17:09:24
SISTER(生音),back number,まつりく,73.664,2024/07/17 17:18:06
アイネクライネ,米津玄師,まつりく,84.681,2024/07/17 17:23:04
me me she,RADWIMPS,まつりく,74.408,2024/07/17 17:31:23
恋人ごっこ(生音),マカロニえんぴつ,まつりく,78.224,2024/07/17 17:35:02
恋だろ(生音),wacci,まつりく,88.780,2024/07/17 17:37:52
恋だろ(生音),wacci,まつりく,87.359,2024/07/17 17:44:46
恋だろ(生音),wacci,まつりく,89.373,2024/07/17 17:50:51
恋だろ(生音),wacci,まつりく,84.765,2024/07/17 17:57:54
サウダージ(生音),ポルノグラフィティ,まつりく,85.391,2024/07/17 18:05:52
手紙(生音),back number,まつりく,78.324,2024/07/17 18:09:22
手紙(生音),back number,まつりく,76.226,2024/07/17 18:12:29
瞬き(生音),back number,まつりく,86.247,2024/07/17 18:16:04
恋(生音),back number,まつりく,88.030,2024/07/17 18:25:37
Crazy Crazy,星野 源,まつりく,87.789,2024/07/17 18:36:50
地獄でなぜ悪い,星野 源,まつりく,84.736,2024/07/17 18:41:40
SUN,星野 源,まつりく,82.712,2024/07/17 18:45:47
恋だろ(生音),wacci,まつりく,87.684,2024/07/17 18:50:18
さよならエレジー(生音),菅田将暉,まつりく,87.467,2024/07/17 19:01:23
さよならエレジー(生音),菅田将暉,まつりく,89.997,2024/07/17 19:06:05
恋だろ(生音),wacci,まつりく,85.814,2024/07/17 19:11:16
恋だろ(生音),wacci,まつりく,88.352,2024/07/17 19:14:58
Crazy Crazy,星野 源,まつりく,88.489,2024/07/17 19:23:17
さよならエレジー(生音),菅田将暉,まつりく,92.034,2024/07/17 19:27:05
君に届け(生音),flumpool,まつりく,82.946,2024/07/17 19:36:53
猫(生音),DISH//,まつりく,85.993,2024/07/17 19:43:06
ひまわりの約束(生音),秦 基博,まつりく,84.957,2024/07/17 19:49:06
Friend Ship,星野 源,まつりく,86.225,2024/07/22 14:08:39
魔法の絨毯,川崎鷹也,まつりく,85.236,2024/07/22 14:15:02
Crazy Crazy,星野 源,まつりく,87.799,2024/07/22 14:20:39
地獄でなぜ悪い,星野 源,まつりく,84.578,2024/07/22 14:25:16
くだらないの中に,星野 源,まつりく,87.298,2024/07/22 14:29:37
fish,back number,まつりく,86.129,2024/07/22 14:35:03
ブルーベリー・ナイツ,マカロニえんぴつ,まつりく,79.406,2024/07/22 14:41:50
ヤングアダルト,マカロニえんぴつ,まつりく,78.881,2024/07/22 14:46:22
別の人の彼女になったよ,wacci,まつりく,84.765,2024/07/22 14:49:40
君の為のキミノウタ,川崎鷹也,まつりく,84.211,2024/07/22 14:57:20
サクラウサギ,川崎鷹也,まつりく,81.209,2024/07/22 15:04:41
僕と僕,川崎鷹也,まつりく,75.336,2024/07/22 15:09:17
シングルベッド,シャ乱Q,まつりく,89.496,2024/07/22 15:12:22
チェリー,スピッツ,まつりく,92.054,2024/07/22 15:45:48
わたがし,back number,まつりく,85.298,2024/07/22 15:56:51
僕は君の事が好きだけど君は僕を別に好きじゃないみたい,back number,まつりく,85.647,2024/07/22 16:07:21
虹,菅田将暉,まつりく,86.962,2024/07/22 16:14:11
眠り姫,SEKAI NO OWARI(世界の終わり),まつりく,91.263,2024/07/22 16:27:04
かくれんぼ,優里,まつりく,84.829,2024/07/22 16:35:23
恋,back number,まつりく,88.607,2024/07/22 16:49:55
恋だろ,wacci,まつりく,87.835,2024/07/22 17:00:14
セプテンバーさん,RADWIMPS,まつりく,87.330,2024/07/22 17:11:11
マリーゴールド(生音),あいみょん,まつりく,90.068,2024/07/22 17:22:55
桜,コブクロ,まつりく,87.573,2024/07/22 17:31:04
蕾,コブクロ,まつりく,84.963,2024/07/22 17:49:24
サウダージ,ポルノグラフィティ,まつりく,88.486,2024/07/22 18:01:38
瞬き,back number,まつりく,86.522,2024/07/22 18:08:43
Friend Ship,星野 源,まつりく,87.155,2024/07/22 18:43:44
正解,RADWIMPS,まつりく,87.462,2024/07/22 18:53:30
君に届け,flumpool,まつりく,76.507,2024/07/22 19:00:03
Friend Ship,星野 源,まつりく,89.096,2024/07/22 19:05:56
Friend Ship,星野 源,まつりく,89.048,2024/07/22 19:10:26
手紙,back number,まつりく,88.077,2024/07/22 19:15:42
恋,back number,まつりく,87.795,2024/07/22 19:21:11
恋,back number,まつりく,87.488,2024/07/22 19:26:08
感情,wacci,まつりく,90.667,2024/07/22 19:33:07
桜,コブクロ,まつりく,88.919,2024/07/22 19:39:51
桜,コブクロ,まつりく,89.024,2024/07/22 19:45:33
残酷な天使のテーゼ,高橋洋子,まつりく,83.014,2024/07/22 19:52:58
桜,コブクロ,まつりく,90.449,2024/07/24 11:05:25
Friend Ship,星野 源,まつりく,92.028,2024/07/24 11:19:18
虹,菅田将暉,まつりく,87.830,2024/07/24 11:27:13
感情,wacci,まつりく,91.402,2024/07/24 11:38:11
恋だろ,wacci,まつりく,91.226,2024/07/24 11:48:14
さよならエレジー,菅田将暉,まつりく,91.938,2024/07/24 12:50:15
黄色,back number,まつりく,88.266,2024/07/24 13:01:55
くだらないの中に,星野 源,まつりく,88.533,2024/07/24 13:12:27
恋,back number,まつりく,90.035,2024/07/24 13:21:13
恋,星野 源,まつりく,90.657,2024/07/24 13:32:09
Crazy Crazy,星野 源,まつりく,91.361,2024/07/24 13:45:17
SISTER,back number,まつりく,83.827,2024/07/24 13:52:29
僕は君の事が好きだけど君は僕を別に好きじゃないみたい,back number,まつりく,79.090,2024/07/24 14:03:13
地獄でなぜ悪い,星野 源,まつりく,88.784,2024/07/24 16:28:35
正解,RADWIMPS,まつりく,89.477,2024/07/24 16:37:26
そっけない(生音),RADWIMPS,まつりく,84.895,2024/07/24 16:49:02
魔法の絨毯,川崎鷹也,まつりく,87.760,2024/07/24 17:00:56
ラストバージン,RADWIMPS,まつりく,85.278,2024/07/24 17:12:02
セプテンバーさん,RADWIMPS,まつりく,87.363,2024/07/24 17:17:40
me me she,RADWIMPS,まつりく,83.464,2024/07/24 17:27:40
SUN,星野 源,まつりく,86.278,2024/07/24 17:32:56
Family Song,星野 源,まつりく,86.119,2024/07/24 17:41:57
前前前世 (movie ver.),RADWIMPS,まつりく,88.555,2024/07/24 17:51:05
君と羊と青,RADWIMPS,まつりく,86.714,2024/07/24 17:56:15
夢灯籠,RADWIMPS,まつりく,73.275,2024/07/24 18:09:10
05410-(ん),RADWIMPS,まつりく,82.646,2024/07/24 18:11:42
愛唄,GReeeeN,まつりく,80.681,2024/07/24 18:17:41
道,GReeeeN,まつりく,86.883,2024/07/24 18:25:14
会心の一撃,RADWIMPS,まつりく,83.476,2024/07/24 18:29:40
サイハテアイニ,RADWIMPS,まつりく,80.728,2024/07/24 18:38:19
蕾,コブクロ,まつりく,80.229,2024/07/24 18:47:36
サウダージ,ポルノグラフィティ,まつりく,86.577,2024/07/24 18:51:38
チェリー,スピッツ,まつりく,89.755,2024/07/24 19:00:52
手紙,back number,まつりく,85.169,2024/07/24 19:07:15
黄色,back number,まつりく,85.087,2024/07/24 19:13:05
眠り姫,SEKAI NO OWARI(世界の終わり),まつりく,88.651,2024/07/24 19:52:34
くだらないの中に,星野 源,まつりく,90.186,2024/08/01 15:23:51
Crazy Crazy,星野 源,まつりく,91.656,2024/08/01 15:29:47
地獄でなぜ悪い,星野 源,まつりく,85.542,2024/08/01 15:33:40
Friend Ship,星野 源,まつりく,90.706,2024/08/01 15:50:25
眠り姫,SEKAI NO OWARI(世界の終わり),まつりく,90.690,2024/08/01 16:06:36
正解,RADWIMPS,まつりく,90.241,2024/08/01 16:15:34
わたがし,back number,まつりく,88.580,2024/08/01 16:26:54
黄色,back number,まつりく,88.391,2024/08/01 16:37:13
ハッピーエンド,back number,まつりく,88.919,2024/08/01 16:46:53
エメラルド,back number,まつりく,87.830,2024/08/01 16:59:22
SISTER,back number,まつりく,81.489,2024/08/01 17:07:29
堕天,Creepy Nuts,まつりく,83.433,2024/08/01 17:17:34
Myra,Tani Yuuki,まつりく,83.120,2024/08/01 17:27:41
snow jam,Rin音,まつりく,68.956,2024/08/01 17:32:15
かつて天才だった俺たちへ,Creepy Nuts,まつりく,83.863,2024/08/01 17:37:22
のびしろ,Creepy Nuts,まつりく,77.636,2024/08/01 17:50:06
桜,コブクロ,まつりく,90.519,2024/08/01 17:59:03
虹,菅田将暉,まつりく,86.859,2024/08/01 18:09:05
レオ,優里,まつりく,84.714,2024/08/01 18:19:40
くだらないの中に,星野 源,まつりく,90.371,2024/08/06 21:11:24
恋,星野 源,まつりく,89.253,2024/08/06 21:24:53
恋,back number,まつりく,88.193,2024/08/06 21:38:02
フライデー・ナイト,なとり,まつりく,83.154,2024/08/06 21:51:14
虹,菅田将暉,まつりく,88.880,2024/08/06 22:04:20
地獄でなぜ悪い,星野 源,まつりく,85.822,2024/08/07 12:40:55
Crazy Crazy,星野 源,まつりく,86.206,2024/08/07 12:51:31
くだらないの中に,星野 源,まつりく,87.949,2024/08/07 13:00:37
Overdose,なとり,まつりく,84.186,2024/08/07 13:16:44
フライデー・ナイト,なとり,まつりく,81.715,2024/08/07 13:24:41
ブルーベリー・ナイツ,マカロニえんぴつ,まつりく,84.653,2024/08/07 13:47:06
チェリー,スピッツ,まつりく,89.918,2024/08/12 14:37:06
Crazy Crazy,星野 源,まつりく,91.647,2024/08/12 15:04:32
Friend Ship,星野 源,まつりく,91.897,2024/08/12 15:12:56
新しい恋人達に,back number,まつりく,84.628,2024/08/12 15:30:02
05410-(ん),RADWIMPS,まつりく,86.497,2024/08/12 15:39:17
瞬き,back number,まつりく,90.416,2024/08/12 15:48:43
インフェルノ,Mrs. GREEN APPLE,まつりく,81.768,2024/08/12 16:03:10
ひまわりの約束(ドラえもんアニメバージョン),秦 基博,まつりく,87.229,2024/08/12 16:30:15
黄色,back number,まつりく,89.256,2024/08/12 17:19:05
恋,星野 源,まつりく,89.330,2024/08/15 23:49:14
恋,back number,まつりく,87.445,2024/08/16 00:14:18
青と夏,Mrs. GREEN APPLE,まつりく,84.416,2024/08/16 01:13:31
恋,星野 源,まつりく,93.069,2024/08/21 18:53:43
恋だろ,wacci,まつりく,93.804,2024/08/21 19:05:02
シングルベッド,シャ乱Q,まつりく,94.990,2024/08/21 19:16:24
チェリー,スピッツ,まつりく,92.492,2024/08/21 19:28:51
桜,コブクロ,まつりく,91.974,2024/08/21 19:40:50
アイラブユー,back number,まつりく,90.883,2024/08/21 19:52:58
全力少年,スキマスイッチ,まつりく,85.503,2024/08/21 20:04:35
花束,back number,まつりく,88.008,2024/08/21 20:21:22
地獄でなぜ悪い,星野 源,まつりく,88.529,2024/08/22 05:12:37
恋だろ,wacci,まつりく,90.644,2024/09/13 15:05:04
黄色,back number,まつりく,90.196,2024/09/13 15:14:57
恋,back number,まつりく,93.219,2024/09/13 15:25:55
感情,wacci,まつりく,93.800,2024/09/13 15:34:29
Crazy Crazy,星野 源,まつりく,89.109,2024/09/13 15:44:27
地獄でなぜ悪い,星野 源,まつりく,92.986,2024/09/13 15:52:26
魔法の絨毯,川崎鷹也,まつりく,92.719,2024/09/13 16:00:47
虹色の戦争,SEKAI NO OWARI(世界の終わり),まつりく,89.564,2024/09/13 16:08:36
炎と森のカーニバル,SEKAI NO OWARI(世界の終わり),まつりく,91.446,2024/09/13 16:18:38
RPG,SEKAI NO OWARI(世界の終わり),まつりく,92.560,2024/09/13 16:28:51
眠り姫,SEKAI NO OWARI(世界の終わり),まつりく,89.476,2024/09/13 16:38:39
別の人の彼女になったよ,wacci,まつりく,93.693,2024/09/13 16:47:09
水平線,back number,まつりく,92.058,2024/09/13 16:55:49
わたがし,back number,まつりく,85.896,2024/09/13 17:04:50
手紙,back number,まつりく,91.020,2024/09/13 17:11:18
アイラブユー,back number,まつりく,91.493,2024/09/13 17:21:44
まちがいさがし,菅田将暉,まつりく,87.251,2024/09/13 17:30:40
桜,コブクロ,まつりく,94.239,2024/09/13 17:50:07
くだらないの中に,星野 源,まつりく,89.815,2024/09/13 18:00:50
セプテンバーさん,RADWIMPS,まつりく,89.497,2024/09/13 18:09:34
天体観測(生音),BUMP OF CHICKEN,まつりく,89.540,2024/09/13 18:19:51
小さな恋のうた,MONGOL800,まつりく,91.184,2024/09/13 18:27:53
虹色の戦争,SEKAI NO OWARI(世界の終わり),まつりく,89.982,2024/09/13 18:35:46
ビリミリオン,優里,まつりく,89.682,2024/09/13 18:45:53
新しい恋人達に,back number,まつりく,86.575,2024/09/23 14:18:30
Crazy Crazy,星野 源,まつりく,90.426,2024/09/23 14:26:42
地獄でなぜ悪い,星野 源,まつりく,88.010,2024/09/23 14:43:11
恋だろ,wacci,まつりく,88.269,2024/09/23 14:50:47
Bunny Girl,AKASAKI,まつりく,88.719,2024/11/07 15:03:55
黄色,back number,まつりく,87.972,2024/11/07 15:12:43
歌うたいのバラッド,斉藤和義,まつりく,84.094,2024/11/07 15:21:30
ゲッタバンバン(アニメ Size),佐香智久,まつりく,81.238,2024/11/07 15:31:35
奏(かなで),スキマスイッチ,まつりく,86.081,2024/11/07 15:38:07
恋,back number,まつりく,90.116,2024/11/07 15:47:12
チェックのワンピース,back number,まつりく,85.179,2024/11/07 15:55:42
魔法の絨毯,川崎鷹也,まつりく,88.837,2024/11/07 16:04:20
君の為のキミノウタ,川崎鷹也,まつりく,89.286,2024/11/07 16:12:59
サクラウサギ,川崎鷹也,まつりく,86.150,2024/11/07 16:23:22
僕と僕,川崎鷹也,まつりく,87.463,2024/11/07 16:33:49
カレンダー,川崎鷹也,まつりく,81.068,2024/11/07 16:44:12
OH MY LITTLE GIRL(生音),尾崎豊,まつりく,87.176,2024/11/07 16:53:26
蕾,コブクロ,まつりく,86.822,2024/11/07 17:01:52
くだらないの中に,星野 源,まつりく,89.023,2024/11/07 17:09:19
桜,コブクロ,まつりく,90.000,2024/11/07 17:15:58
アイラブユー,back number,まつりく,88.960,2024/11/07 17:25:38
マジで感謝!(アニメオープニングVer.),T-Pistonz+KMC,まつりく,79.546,2024/11/07 17:46:40
チェリー,スピッツ,まつりく,90.820,2024/11/21 15:08:26
くだらないの中に,星野 源,まつりく,92.757,2024/11/21 15:19:44
チェックのワンピース,back number,まつりく,90.304,2024/11/21 15:30:06
Bunny Girl,AKASAKI,まつりく,88.560,2024/11/21 15:39:23
黄色,back number,まつりく,91.140,2024/11/21 15:47:25
歌うたいのバラッド,斉藤和義,まつりく,92.265,2024/11/21 15:57:16
奏(かなで),スキマスイッチ,まつりく,91.876,2024/11/21 16:07:10
恋,back number,まつりく,93.658,2024/11/21 16:16:43
魔法の絨毯,川崎鷹也,まつりく,90.076,2024/11/21 16:25:22
君の為のキミノウタ,川崎鷹也,まつりく,92.289,2024/11/21 16:34:11
サクラウサギ,川崎鷹也,まつりく,91.476,2024/11/21 16:44:05
僕と僕,川崎鷹也,まつりく,92.851,2024/11/21 16:54:09
カレンダー,川崎鷹也,まつりく,89.709,2024/11/21 17:03:37
桜,コブクロ,まつりく,94.398,2024/11/21 17:12:21
アイラブユー,back number,まつりく,91.221,2024/11/21 17:23:44
天体観測(生音),BUMP OF CHICKEN,まつりく,85.055,2024/11/21 17:35:49
わたがし,back number,まつりく,85.055,2024/11/21 17:46:12
水平線,back number,まつりく,91.199,2024/11/21 17:52:53
シングルベッド(生音),シャ乱Q,まつりく,93.637,2024/11/21 18:02:22
チェックのワンピース,back number,まつりく,89.704,2024/12/13 15:00:17
恋,back number,まつりく,93.440,2024/12/13 15:07:00
Lemon,米津玄師,まつりく,89.658,2024/12/13 15:14:31
ドライフラワー,優里,まつりく,89.886,2024/12/13 15:21:20
サクラウサギ,川崎鷹也,まつりく,90.119,2024/12/13 15:29:41
ビリミリオン,優里,まつりく,89.539,2024/12/13 15:36:11
世界に一つだけの花,SMAP,まつりく,89.705,2024/12/13 15:44:45
Monster,嵐(アラシ),まつりく,86.925,2024/12/13 15:58:39
果てない空,嵐(アラシ),まつりく,81.558,2024/12/13 16:11:53
ピースサイン,米津玄師,まつりく,88.141,2024/12/13 16:24:39
大不正解,back number,まつりく,88.017,2024/12/13 16:37:01
君に届け,flumpool,まつりく,92.453,2024/12/13 16:48:58
おかえり,Tani Yuuki,まつりく,89.556,2024/12/13 16:56:50
猫,DISH//,まつりく,89.611,2024/12/13 17:06:12
虹色の戦争,SEKAI NO OWARI(世界の終わり),まつりく,89.720,2024/12/13 17:17:26
ライラック,Mrs. GREEN APPLE,まつりく,83.047,2024/12/13 17:30:50
シングルベッド,シャ乱Q,まつりく,92.850,2024/12/13 17:37:23
桜,コブクロ,まつりく,94.434,2024/12/13 17:43:21
感情,wacci,まつりく,91.613,2024/12/13 17:50:09
別の人の彼女になったよ(生音),wacci,まつりく,88.730,2024/12/13 17:55:48
恋だろ,wacci,まつりく,90.872,2024/12/13 18:07:02
僕と僕,川崎鷹也,まつりく,92.539,2024/12/13 18:25:07
君の為のキミノウタ(ビデオクリップバージョン),川崎鷹也,まつりく,91.382,2024/12/13 18:30:53
Lemon,米津玄師,まつりく,85.388,2024/12/27 13:58:25
歌うたいのバラッド,斉藤和義,まつりく,87.704,2024/12/27 14:09:04
果てない空,嵐(アラシ),まつりく,88.281,2024/12/27 14:18:38
LOSER,米津玄師,まつりく,84.484,2024/12/27 14:29:53
ライラック,Mrs. GREEN APPLE,まつりく,85.852,2024/12/27 14:40:11
アップルパイ,back number,まつりく,84.885,2024/12/27 14:54:08
思い出せなくなるその日まで,back number,まつりく,86.439,2024/12/27 15:11:05
Monster,嵐(アラシ),まつりく,89.075,2024/12/27 15:24:54
チェックのワンピース,back number,まつりく,90.122,2024/12/27 15:40:21
桜,コブクロ,まつりく,91.975,2024/12/27 16:02:24
恋,back number,まつりく,92.912,2024/12/27 16:19:39
サクラウサギ,川崎鷹也,まつりく,92.044,2024/12/27 16:33:55
Lemon,米津玄師,まつりく,89.108,2024/12/27 16:49:48
さよならエレジー,菅田将暉,まつりく,90.692,2024/12/27 17:03:52
クリスマスソング,back number,まつりく,88.117,2024/12/27 17:24:26
シングルベッド,シャ乱Q,まつりく,91.844,2024/12/27 17:32:12
君の為のキミノウタ(ビデオクリップバージョン),川崎鷹也,まつりく,88.135,2024/12/27 17:55:21
魔法の絨毯,川崎鷹也,まつりく,88.807,2024/12/27 18:01:36
小さな恋のうた,MONGOL800,まつりく,90.945,2024/12/27 18:18:06
灰色と青(+菅田将暉),米津玄師,まつりく,92.226,2024/12/27 18:48:18
果てない空,嵐(アラシ),まつりく,86.778,2024/12/27 19:05:46
眠り姫,SEKAI NO OWARI(世界の終わり),まつりく,89.199,2024/12/27 19:12:43
粉雪,レミオロメン,まつりく,89.445,2024/12/27 19:29:07
水平線,back number,まつりく,88.998,2024/12/27 20:09:52
I LOVE YOU,尾崎豊,まつりく,86.964,2024/12/27 20:24:39
家族になろうよ,福山雅治,まつりく,83.789,2024/12/27 20:39:26
愛のかたまり,KinKi Kids,まつりく,88.993,2025/01/02 17:31:34
小さな恋のうた,MONGOL800,まつりく,93.574,2025/01/02 17:41:08
愛のかたまり,KinKi Kids,まつりく,92.354,2025/01/02 18:11:06
Monster,嵐(アラシ),まつりく,92.317,2025/01/02 18:22:32
果てない空,嵐(アラシ),まつりく,91.992,2025/01/02 18:32:33
虹,菅田将暉,まつりく,93.720,2025/01/02 18:41:50
手紙,back number,まつりく,91.067,2025/01/02 18:50:36
ピースサイン,米津玄師,まつりく,89.130,2025/01/02 18:59:31
虹色の戦争,SEKAI NO OWARI(世界の終わり),まつりく,92.429,2025/01/02 19:08:05
Lemon,米津玄師,まつりく,91.456,2025/01/02 19:17:41
ドライフラワー,優里,まつりく,91.659,2025/01/02 19:27:18
3月9日,レミオロメン,まつりく,93.348,2025/01/02 19:37:35
カレンダー,川崎鷹也,まつりく,92.035,2025/01/02 19:47:18
世界に一つだけの花,SMAP,まつりく,93.646,2025/01/02 19:57:22
おかえり,Tani Yuuki,まつりく,91.124,2025/01/02 20:07:44
Family Song,星野 源,まつりく,91.345,2025/01/02 20:16:55
キンモクセイ,オレンジスパイニクラブ,まつりく,87.595,2025/01/02 20:26:59
シングルベッド,シャ乱Q,まつりく,94.490,2025/01/02 21:04:17
くだらないの中に,星野 源,まつりく,92.633,2025/01/02 21:34:41
地獄でなぜ悪い,星野 源,まつりく,91.644,2025/01/02 21:43:09
恋,back number,まつりく,94.398,2025/01/02 21:51:44
桜,コブクロ,まつりく,95.024,2025/01/02 22:01:58
灰色と青(+菅田将暉),米津玄師,まつりく,93.097,2025/01/02 22:13:11
Crazy Crazy,星野 源,まつりく,91.143,2025/01/02 22:23:30
新しい恋人達に,back number,まつりく,86.902,2025/01/02 22:33:02
僕と僕,川崎鷹也,まつりく,92.762,2025/01/02 22:43:23
僕は君の事が好きだけど君は僕を別に好きじゃないみたい,back number,まつりく,89.488,2025/01/02 23:00:14
花束のかわりにメロディーを,清水翔太,まつりく,90.496,2025/01/02 23:24:39
美しい鰭(名探偵コナンアニメバージョン),スピッツ,まつりく,90.096,2025/01/02 23:33:23
familie,Mrs. GREEN APPLE,まつりく,84.123,2025/01/02 23:41:04
シングルベッド,シャ乱Q,まつりく,94.058,2025/01/02 23:45:20
黄色,back number,まつりく,92.211,2025/01/03 00:02:43
チェックのワンピース,back number,まつりく,90.178,2025/01/03 00:08:49
サクラウサギ,川崎鷹也,まつりく,91.230,2025/01/03 00:20:29
Friend Ship,星野 源,まつりく,90.657,2025/01/03 00:33:17
君に届け,flumpool,まつりく,92.426,2025/01/03 00:59:52
道,EXILE,まつりく,85.374,2025/01/03 01:10:24
さよならエレジー,菅田将暉,まつりく,91.152,2025/01/03 01:16:27
I wonder,Da-iCE,まつりく,83.230,2025/01/03 01:52:02
白い恋人達,桑田佳祐,まつりく,88.892,2025/01/06 20:08:42
さよならエレジー,菅田将暉,まつりく,92.993,2025/01/06 20:21:28
粉雪,レミオロメン,まつりく,93.988,2025/01/06 20:45:51
One Love,嵐(アラシ),まつりく,92.531,2025/01/06 21:05:18
海の声,浦島太郎(桐谷健太),まつりく,90.168,2025/01/06 21:19:30
インフェルノ,Mrs. GREEN APPLE,まつりく,82.694,2025/01/06 23:26:45
Lemon,米津玄師,まつりく,92.130,2025/01/06 23:46:35
眠り姫,SEKAI NO OWARI(世界の終わり),まつりく,91.619,2025/01/07 00:03:34
怪獣の花唄,Vaundy,まつりく,88.543,2025/01/07 00:16:09
恋だろ,wacci,まつりく,91.353,2025/01/07 00:39:48
いつか,Saucy Dog,まつりく,88.822,2025/01/07 01:01:24
桜,コブクロ,まつりく,94.991,2025/01/07 01:18:54
天体観測,BUMP OF CHICKEN,まつりく,89.891,2025/01/07 01:32:03
アイネクライネ,米津玄師,まつりく,89.158,2025/01/07 02:03:45
恋人ごっこ,マカロニえんぴつ,まつりく,89.008,2025/01/07 02:18:06
シングルベッド,シャ乱Q,まつりく,94.166,2025/01/07 02:36:29
はいよろこんで,こっちのけんと,まつりく,89.062,2025/01/07 02:57:12
Bling-Bang-Bang-Born,Creepy Nuts,まつりく,86.184,2025/01/07 03:32:30
灰色と青(+菅田将暉),米津玄師,まつりく,92.452,2025/01/07 04:10:49
灰色と青(+菅田将暉),米津玄師,まつりく,94.447,2025/01/25 14:42:22
僕と僕,川崎鷹也,まつりく,95.055,2025/01/25 14:53:01
恋,back number,まつりく,94.978,2025/01/25 15:02:21
感情,wacci,まつりく,94.551,2025/01/25 15:10:45
One Love,嵐(アラシ),まつりく,93.307,2025/01/25 15:29:42
Friend Ship,星野 源,まつりく,92.818,2025/01/25 15:39:45
君の為のキミノウタ(ビデオクリップバージョン),川崎鷹也,まつりく,94.520,2025/01/25 15:49:19
Monster,嵐(アラシ),まつりく,93.803,2025/01/25 15:57:22
Crazy Crazy,星野 源,まつりく,93.531,2025/01/25 16:06:51
夜空ノムコウ,SMAP,まつりく,67.447,2025/01/25 16:15:02
桜晴,優里,まつりく,91.273,2025/02/01 18:19:23
赤い糸,コブクロ,まつりく,93.214,2025/02/01 18:28:30
小さな恋のうた,MONGOL800,まつりく,92.077,2025/02/01 18:39:30
灰色と青(+菅田将暉),米津玄師,まつりく,95.387,2025/02/01 18:48:36
メランコリーキッチン,米津玄師,まつりく,87.862,2025/02/01 18:59:01
アイネクライネ,米津玄師,まつりく,91.471,2025/02/01 19:06:48
LOSER,米津玄師,まつりく,88.992,2025/02/01 19:17:18
Flamingo,米津玄師,まつりく,88.128,2025/02/01 19:25:39
familie,Mrs. GREEN APPLE,まつりく,87.199,2025/02/01 19:33:22
ワンナイト,ヤングスキニー,まつりく,88.753,2025/02/01 19:42:33
どんなときも。,槇原敬之(Makihara),まつりく,85.693,2025/02/01 19:52:29
蕾,コブクロ,まつりく,93.422,2025/02/01 20:02:41
本当はね、,ヤングスキニー,まつりく,86.501,2025/02/01 20:16:49
チャンカパーナ,NEWS,まつりく,90.911,2025/02/01 20:26:05
未来,コブクロ,まつりく,91.482,2025/02/01 20:36:17
HANABI,Mr.Children,まつりく,91.468,2025/02/01 20:46:31
果てない空,嵐(アラシ),まつりく,93.658,2025/02/01 21:02:17
チェックのワンピース,back number,まつりく,93.393,2025/02/01 21:14:10
地獄でなぜ悪い,星野 源,まつりく,91.678,2025/02/01 21:22:14
SUN,星野 源,まつりく,89.441,2025/02/01 21:30:11
恋,back number,まつりく,93.151,2025/02/01 21:38:48
僕と僕,川崎鷹也,まつりく,94.295,2025/02/01 21:50:20
サクラウサギ,川崎鷹也,まつりく,94.731,2025/02/01 21:59:45
恋だろ,wacci,まつりく,92.493,2025/02/01 22:21:35
さよならエレジー,菅田将暉,まつりく,92.821,2025/02/01 23:47:15
夜空ノムコウ,SMAP,まつりく,88.237,2025/02/02 00:00:04
友  ～旅立ちの時～,ゆず,まつりく,90.429,2025/02/02 00:13:04
道,EXILE,まつりく,95.527,2025/02/02 00:23:34
ドライフラワー,優里,まつりく,92.667,2025/02/02 00:33:36
ひまわりの約束,秦 基博,まつりく,93.032,2025/02/02 00:43:19
Overdose,なとり,まつりく,88.732,2025/02/02 00:53:45
おかえり,Tani Yuuki,まつりく,89.443,2025/02/02 01:02:23
キセキ,GReeeeN,まつりく,84.612,2025/02/02 01:07:18
オールドファッション,back number,まつりく,88.100,2025/02/02 01:10:22
バニラ,きゃない,まつりく,88.800,2025/02/07 13:36:32
ワンナイト,ヤングスキニー,まつりく,87.116,2025/02/07 13:40:45
ロングホープ・フィリア,菅田将暉,まつりく,80.862,2025/02/07 13:45:37
地獄でなぜ悪い,星野 源,まつりく,90.503,2025/02/07 13:50:52
チェックのワンピース,back number,まつりく,90.732,2025/02/07 13:55:59
桜晴,優里,まつりく,93.320,2025/02/07 14:00:46
赤い糸,コブクロ,まつりく,95.524,2025/02/07 14:05:38
桜,コブクロ,まつりく,95.687,2025/02/07 14:13:07
灰色と青(+菅田将暉),米津玄師,まつりく,93.735,2025/02/07 14:20:08
HANABI,Mr.Children,まつりく,91.072,2025/02/07 14:28:10
僕と僕,川崎鷹也,まつりく,94.298,2025/02/07 14:36:05
恋,back number,まつりく,95.536,2025/02/07 14:43:53
小さな恋のうた,MONGOL800,まつりく,92.509,2025/02/07 14:48:46
恋,星野 源,まつりく,92.583,2025/02/07 14:53:16
チェックのワンピース,back number,まつりく,94.762,2025/02/07 14:59:11
メランコリーキッチン,米津玄師,まつりく,88.034,2025/02/07 15:06:20
アイネクライネ,米津玄師,まつりく,91.253,2025/02/07 15:11:20
Lemon,米津玄師,まつりく,91.242,2025/02/07 15:17:07
馬と鹿,米津玄師,まつりく,86.949,2025/02/07 15:21:44
Monster,嵐(アラシ),まつりく,90.841,2025/02/07 15:30:21
奏(かなで),スキマスイッチ,まつりく,91.870,2025/02/07 15:36:33
歌うたいのバラッド,斉藤和義,まつりく,93.762,2025/02/07 16:14:44
未来,コブクロ,まつりく,91.204,2025/02/07 16:30:43
サクラウサギ,川崎鷹也,まつりく,93.961,2025/02/07 16:41:31
メランコリーキッチン,米津玄師,まつりく,88.188,2025/02/07 16:47:26
サウダージ,ポルノグラフィティ,まつりく,90.007,2025/02/07 17:00:32
Bunny Girl,AKASAKI,まつりく,90.493,2025/02/07 17:06:55
ワンナイト,ヤングスキニー,まつりく,91.064,2025/02/07 17:11:47
366日,川崎鷹也,まつりく,90.240,2025/02/07 17:18:11
灰色と青(+菅田将暉),米津玄師,まつりく,93.111,2025/02/07 17:27:27
奏(かなで),スキマスイッチ,まつりく,91.175,2025/02/07 17:35:16
くだらないの中に,星野 源,まつりく,90.334,2025/02/07 18:19:15
ラストバージン,RADWIMPS,まつりく,90.658,2025/02/07 18:26:18
君の為のキミノウタ,川崎鷹也,まつりく,92.310,2025/02/07 18:31:55
カレンダー,川崎鷹也,まつりく,93.493,2025/02/07 18:38:02
ビリミリオン,優里,まつりく,90.320,2025/02/07 18:42:56
ドライフラワー,優里,まつりく,91.321,2025/02/07 18:47:23
つながリーヨ(アニメバージョン),T-Pistonz+KMC,まつりく,88.161,2025/02/07 18:54:43
星を仰ぐ,菅田将暉,まつりく,91.004,2025/02/07 18:59:54
炎と森のカーニバル,SEKAI NO OWARI(世界の終わり),まつりく,90.957,2025/02/07 19:05:37
ランデヴー,シャイトープ,まつりく,83.811,2025/02/07 19:11:19
マジで感謝!(アニメオープニングVer.),T-Pistonz+KMC,まつりく,89.129,2025/02/07 19:16:18
果てない空,嵐(アラシ),まつりく,94.290,2025/02/07 19:17:47
恋だろ,wacci,まつりく,93.696,2025/02/07 19:26:44
花束のかわりにメロディーを,清水翔太,まつりく,92.354,2025/02/07 19:32:28
ロングホープ・フィリア,菅田将暉,まつりく,88.852,2025/02/07 19:38:39
虹色の戦争,SEKAI NO OWARI(世界の終わり),まつりく,93.213,2025/02/07 19:44:32
道,EXILE,まつりく,92.845,2025/02/07 19:52:54
星を仰ぐ,菅田将暉,まつりく,91.768,2025/02/17 16:47:53
抱きしめたい(生音),Mr.Children,まつりく,87.994,2025/02/17 17:06:15
最後の雨(生音),中西保志,まつりく,89.849,2025/02/17 17:26:55
メランコリーキッチン,米津玄師,まつりく,89.522,2025/02/17 17:46:31
証(生音),flumpool,まつりく,88.887,2025/02/17 17:55:21
世界が終るまでは…(生音),WANDS,まつりく,87.251,2025/02/17 18:28:06
I LOVE YOU(生音),尾崎豊,まつりく,92.553,2025/02/17 18:46:53
灰色と青(+菅田将暉),米津玄師,まつりく,94.728,2025/02/17 20:15:25
星を仰ぐ,菅田将暉,まつりく,91.099,2025/02/18 16:25:10
恋,back number,まつりく,93.174,2025/02/18 16:56:27
ワンナイト,ヤングスキニー,まつりく,90.652,2025/02/18 17:28:55
チェックのワンピース,back number,まつりく,92.375,2025/02/18 17:38:02
さよーならまたいつか！,米津玄師,まつりく,84.251,2025/02/18 19:15:16
がらくた,米津玄師,まつりく,88.285,2025/02/18 19:24:01
vivi,米津玄師,まつりく,91.368,2025/02/18 19:38:16
手紙,back number,まつりく,91.392,2025/02/18 19:58:16
サマーワンダーランド,back number,まつりく,86.764,2025/02/18 20:10:15
home(歌スタ!!ver.),木山裕策,まつりく,92.752,2025/02/18 20:23:08
家族になろうよ,福山雅治,まつりく,89.553,2025/02/18 20:37:45
メトロノーム,米津玄師,まつりく,89.444,2025/02/18 20:52:46
灰色と青(+菅田将暉),米津玄師,まつりく,79.829,2025/02/18 21:02:45
エンディング,back number,まつりく,90.024,2025/02/18 21:34:46
桜,コブクロ,まつりく,88.172,2025/02/18 21:42:46
星を仰ぐ,菅田将暉,まつりく,92.781,2025/02/18 22:13:26
最後の雨,中西保志,まつりく,89.375,2025/02/18 22:25:46
白い恋人達,桑田佳祐,まつりく,90.930,2025/02/18 22:56:19
ワンナイト,ヤングスキニー,まつりく,88.887,2025/02/18 23:16:49
familie,Mrs. GREEN APPLE,まつりく,88.438,2025/02/18 23:26:14
ひまわりの約束,秦 基博,まつりく,92.113,2025/02/18 23:44:50
虹,嵐(アラシ),まつりく,92.480,2025/02/18 23:55:21
まちがいさがし,菅田将暉,まつりく,86.525,2025/02/19 00:17:45
ヤングアダルト,マカロニえんぴつ,まつりく,87.773,2025/02/19 00:27:19
哀しみロック,マカロニえんぴつ,まつりく,86.998,2025/02/19 00:45:01
ロングホープ・フィリア,菅田将暉,まつりく,87.860,2025/02/19 00:51:57
花束のかわりにメロディーを,清水翔太,まつりく,87.676,2025/02/19 02:52:30
チェックのワンピース,back number,まつりく,91.783,2025/03/16 13:37:40
僕と僕,川崎鷹也,まつりく,94.755,2025/03/16 13:52:16
歌うたいのバラッド,斉藤和義,まつりく,93.043,2025/03/16 14:06:42
灰色と青(+菅田将暉),米津玄師,まつりく,93.255,2025/03/16 14:26:36
恋,back number,まつりく,94.906,2025/03/16 14:42:18
シングルベッド,シャ乱Q,まつりく,94.407,2025/03/16 14:57:43
感情,wacci,まつりく,94.052,2025/03/16 15:15:00
哀しみロック,マカロニえんぴつ,まつりく,91.737,2025/03/16 15:30:16
虹,嵐(アラシ),まつりく,93.588,2025/03/16 15:43:03
道,EXILE,まつりく,94.169,2025/03/16 15:57:48
ダーリン,Mrs. GREEN APPLE,まつりく,91.797,2025/03/16 16:13:04
familie,Mrs. GREEN APPLE,まつりく,89.773,2025/03/16 16:27:17
別の人の彼女になったよ,wacci,まつりく,92.169,2025/03/16 16:38:28
366日,川崎鷹也,まつりく,89.932,2025/03/16 17:03:12
君に届け,flumpool,まつりく,94.487,2025/03/16 17:14:13
証,flumpool,まつりく,90.144,2025/03/16 17:30:24
シャルル,バルーン,まつりく,94.015,2025/03/16 17:50:00
花束のかわりにメロディーを,清水翔太,まつりく,91.132,2025/03/16 18:05:22
エンディング,back number,まつりく,91.461,2025/03/16 18:23:20
思い出せなくなるその日まで,back number,まつりく,87.860,2025/03/16 18:38:00
僕と僕,川崎鷹也,まつりく,94.040,2025/03/16 19:16:06
僕と僕,川崎鷹也,まつりく,95.986,2025/03/16 19:26:13
世界に一つだけの花,SMAP,まつりく,93.200,2025/03/16 20:06:50
桜,コブクロ,まつりく,94.298,2025/03/16 20:18:00
恋,back number,まつりく,93.358,2025/03/16 20:34:05
恋,back number,まつりく,94.526,2025/03/16 20:44:33
カレンダー,川崎鷹也,まつりく,93.784,2025/03/16 20:54:45
君の為のキミノウタ(ビデオクリップバージョン),川崎鷹也,まつりく,92.866,2025/03/16 21:05:03
Crazy Crazy,星野 源,まつりく,93.543,2025/03/16 21:16:59
地獄でなぜ悪い,星野 源,まつりく,92.729,2025/03/16 21:25:01
小さな恋のうた,MONGOL800,まつりく,90.056,2025/03/16 21:34:33
ライラック,Mrs. GREEN APPLE,まつりく,88.375,2025/03/16 21:44:53
結,Saucy Dog,まつりく,86.957,2025/03/16 21:53:33
いつか,Saucy Dog,まつりく,84.958,2025/03/16 21:59:42
哀しみロック,マカロニえんぴつ,まつりく,86.740,2025/03/18 20:05:51
僕と僕,川崎鷹也,まつりく,91.024,2025/03/18 20:18:28
ウィーアー!,きただにひろし,まつりく,88.159,2025/03/18 20:39:05
fish,back number,まつりく,89.718,2025/03/18 22:01:12
秘密のキス,back number,まつりく,85.291,2025/03/18 22:14:23
わたがし,back number,まつりく,82.450,2025/03/18 22:43:02
がらくた(ビデオクリップバージョン),米津玄師,まつりく,88.096,2025/03/19 01:19:37
星を仰ぐ,菅田将暉,まつりく,93.614,2025/03/19 04:09:02
さよならエレジー,菅田将暉,まつりく,90.614,2025/03/19 04:18:47
メランコリーキッチン,米津玄師,まつりく,87.716,2025/03/19 04:30:56
虹色の戦争,SEKAI NO OWARI(世界の終わり),まつりく,88.546,2025/03/19 04:39:10
黄色,back number,まつりく,89.227,2025/03/19 04:49:42
最後の雨,中西保志,まつりく,86.360,2025/03/19 05:14:52
僕と僕,川崎鷹也,まつりく,93.681,2025/03/29 23:20:41
セプテンバーさん,RADWIMPS,まつりく,88.849,2025/03/29 23:36:11
星を仰ぐ,菅田将暉,まつりく,92.370,2025/03/29 23:52:31
地獄でなぜ悪い,星野 源,まつりく,92.526,2025/03/30 00:01:45
くだらないの中に,星野 源,まつりく,92.028,2025/03/30 00:14:38
himawari,Mr.Children,まつりく,90.058,2025/03/30 00:30:39
ドライフラワー,優里,まつりく,94.335,2025/03/30 00:45:14
かくれんぼ,優里,まつりく,92.602,2025/03/30 01:00:07
僕と僕,川崎鷹也,まつりく,96.357,2025/03/31 18:32:24
さよならエレジー,菅田将暉,まつりく,94.627,2025/03/31 18:48:39
魔法の絨毯,川崎鷹也,まつりく,92.578,2025/03/31 19:02:23
猫,DISH//,まつりく,92.194,2025/03/31 19:16:03
ピースサイン,米津玄師,まつりく,90.448,2025/03/31 19:29:53
チェックのワンピース,back number,まつりく,93.807,2025/03/31 19:45:25
Family Song,星野 源,まつりく,93.913,2025/03/31 20:00:22
リンジュー・ラヴ,マカロニえんぴつ,まつりく,89.959,2025/03/31 20:14:39
勇気100%,光GENJI,まつりく,90.226,2025/03/31 20:26:44
SUN,星野 源,まつりく,93.019,2025/03/31 20:40:45
ピーターパン,優里,まつりく,88.530,2025/03/31 20:55:40
僕は君の事が好きだけど君は僕を別に好きじゃないみたい,back number,まつりく,93.091,2025/03/31 21:08:39
Monster,嵐(アラシ),まつりく,93.962,2025/03/31 21:23:48
天体観測,BUMP OF CHICKEN,まつりく,92.026,2025/03/31 21:37:49
エンディング,back number,まつりく,94.001,2025/03/31 21:50:22
fish,back number,まつりく,94.405,2025/03/31 22:04:52
瞳をとじて,平井堅,まつりく,92.233,2025/03/31 22:21:17
HAPPY BIRTHDAY,back number,まつりく,92.888,2025/03/31 22:36:51
ハッピーエンド,back number,まつりく,90.302,2025/03/31 22:49:33
ベルベットの詩,back number,まつりく,89.978,2025/03/31 23:03:26
ウィーアー!,きただにひろし,まつりく,90.082,2025/03/31 23:16:27
レオ,優里,まつりく,92.047,2025/03/31 23:28:56
サクラウサギ,川崎鷹也,まつりく,93.977,2025/03/31 23:42:00
星を仰ぐ,菅田将暉,まつりく,94.299,2025/03/31 23:55:28
星を仰ぐ,菅田将暉,まつりく,93.447,2025/04/01 00:09:56
星を仰ぐ,菅田将暉,まつりく,94.965,2025/04/01 00:18:41
シングルベッド,シャ乱Q,まつりく,93.788,2025/04/01 00:28:58
小さな恋のうた,MONGOL800,まつりく,93.529,2025/04/01 00:39:36
地獄でなぜ悪い,星野 源,まつりく,92.606,2025/04/01 00:48:36
灰色と青(+菅田将暉),米津玄師,まつりく,95.749,2025/04/01 00:57:14
桜,コブクロ,まつりく,94.842,2025/04/01 01:09:14
道,EXILE,まつりく,95.266,2025/04/01 01:21:59
果てない空,嵐(アラシ),まつりく,94.436,2025/04/01 01:31:56
恋,back number,まつりく,94.481,2025/04/01 01:40:35
星を仰ぐ,菅田将暉,まつりく,90.448,2025/04/01 01:50:54
僕と僕,川崎鷹也,まつりく,95.315,2025/04/03 16:06:23
君の為のキミノウタ,川崎鷹也,まつりく,94.660,2025/04/03 16:18:30
サクラウサギ,川崎鷹也,まつりく,92.827,2025/04/03 16:29:24
fish,back number,まつりく,94.274,2025/04/03 16:39:41
猫,DISH//,まつりく,91.789,2025/04/03 16:50:49
エンディング,back number,まつりく,93.578,2025/04/03 17:00:43
恋だろ,wacci,まつりく,91.871,2025/04/03 17:10:53
星を仰ぐ,菅田将暉,まつりく,94.981,2025/04/03 17:19:54
感情,wacci,まつりく,94.597,2025/04/03 17:29:30
道,EXILE,まつりく,94.697,2025/04/03 17:40:04
ドライフラワー,優里,まつりく,94.646,2025/04/03 17:50:51
僕と僕,川崎鷹也,まつりく,94.770,2025/04/03 18:12:41
僕と僕,川崎鷹也,まつりく,94.456,2025/04/03 18:23:21
僕と僕,川崎鷹也,まつりく,95.391,2025/04/03 18:38:39
水平線,back number,まつりく,92.720,2025/04/03 18:49:31
別の人の彼女になったよ,wacci,まつりく,93.549,2025/04/03 19:01:02
灰色と青(+菅田将暉),米津玄師,まつりく,94.477,2025/04/03 19:13:05
Lemon,米津玄師,まつりく,92.254,2025/04/03 19:23:54
3月9日,レミオロメン,まつりく,92.658,2025/04/03 19:33:06
世界に一つだけの花,SMAP,まつりく,92.951,2025/04/03 19:42:06
星を仰ぐ,菅田将暉,まつりく,93.281,2025/04/03 19:51:54
fish,back number,まつりく,91.311,2025/04/03 20:01:38
世田谷ラブストーリー,back number,まつりく,89.979,2025/04/03 21:18:14
新しい恋人達に,back number,まつりく,91.731,2025/04/03 21:27:06
怪盗,back number,まつりく,88.546,2025/04/03 21:40:00
冬と春,back number,まつりく,91.706,2025/04/03 21:46:53
繋いだ手から,back number,まつりく,93.708,2025/04/03 21:51:37
日曜日,back number,まつりく,86.739,2025/04/03 22:03:08
アップルパイ,back number,まつりく,85.729,2025/04/03 22:33:21
別の人の彼女になったよ,wacci,まつりく,93.817,2025/04/03 22:41:41
別の人の彼女になったよ,wacci,まつりく,94.647,2025/04/04 00:46:19
君に届け,flumpool,まつりく,95.498,2025/04/04 00:57:26
桜,コブクロ,まつりく,94.269,2025/04/04 01:10:54
桜,コブクロ,まつりく,94.595,2025/04/04 01:22:50
桜,コブクロ,まつりく,95.260,2025/04/04 01:34:10
シングルベッド,シャ乱Q,まつりく,93.550,2025/04/04 01:46:15
シングルベッド,シャ乱Q,まつりく,94.928,2025/04/04 01:57:52
道,EXILE,まつりく,93.337,2025/04/04 02:10:48
大不正解,back number,まつりく,89.546,2025/04/04 02:29:09
別の人の彼女になったよ,wacci,まつりく,93.579,2025/04/04 02:37:48
僕と僕,川崎鷹也,まつりく,95.966,2025/04/04 02:55:36
僕と僕,川崎鷹也,まつりく,94.905,2025/04/08 15:38:29
灰色と青(+菅田将暉),米津玄師,まつりく,93.572,2025/04/08 15:48:03
星を仰ぐ,菅田将暉,まつりく,93.512,2025/04/08 15:58:13
君に届け,flumpool,まつりく,93.599,2025/04/08 16:07:58
チェックのワンピース,back number,まつりく,94.675,2025/04/08 16:17:49
さよならエレジー,菅田将暉,まつりく,93.206,2025/04/08 16:27:10
別の人の彼女になったよ,wacci,まつりく,94.675,2025/04/08 16:36:04
fish,back number,まつりく,95.264,2025/04/08 16:46:04
猫,DISH//,まつりく,92.697,2025/04/08 16:56:50
ドライフラワー,優里,まつりく,93.003,2025/04/08 17:05:49
僕と僕,川崎鷹也,まつりく,96.300,2025/04/08 17:15:08
僕と僕,川崎鷹也,まつりく,95.502,2025/04/08 17:24:02
僕と僕,川崎鷹也,まつりく,96.437,2025/04/08 17:32:47
灰色と青(+菅田将暉),米津玄師,まつりく,96.908,2025/04/08 17:43:16
星を仰ぐ,菅田将暉,まつりく,94.907,2025/04/08 17:53:05
星を仰ぐ,菅田将暉,まつりく,95.097,2025/04/08 18:02:32
桜,コブクロ,まつりく,94.818,2025/04/08 18:13:50
桜,コブクロ,まつりく,95.692,2025/04/08 18:24:40
チェックのワンピース,back number,まつりく,94.449,2025/04/08 18:35:22
エンディング,back number,まつりく,95.253,2025/04/08 18:45:02
君の為のキミノウタ,川崎鷹也,まつりく,93.650,2025/04/08 18:55:04
果てない空,嵐(アラシ),まつりく,95.355,2025/04/08 19:03:47
Monster,嵐(アラシ),まつりく,95.031,2025/04/08 19:12:43
水平線,back number,まつりく,94.762,2025/04/08 19:21:41
水平線,back number,まつりく,93.246,2025/04/08 19:30:52
水平線,back number,まつりく,94.291,2025/04/08 19:43:01
水平線,back number,まつりく,93.678,2025/04/08 19:52:25
水平線,back number,まつりく,94.189,2025/04/08 20:01:43
Family Song,星野 源,まつりく,90.710,2025/04/08 21:18:07
くだらないの中に,星野 源,まつりく,93.847,2025/04/08 21:24:24
くだらないの中に,星野 源,まつりく,94.486,2025/04/08 21:29:58
地獄でなぜ悪い,星野 源,まつりく,92.184,2025/04/08 21:34:58
恋,星野 源,まつりく,92.166,2025/04/08 21:39:01
君の恋人になったら,back number,まつりく,87.855,2025/04/08 22:12:56
ハッピーエンド,back number,まつりく,90.872,2025/04/08 22:21:34
サマーワンダーランド,back number,まつりく,89.991,2025/04/08 22:32:24
オールドファッション,back number,まつりく,89.398,2025/04/08 22:40:32
Pretender,Official髭男dism,まつりく,90.518,2025/04/08 22:51:20
繋いだ手から,back number,まつりく,87.959,2025/04/08 23:02:07
赤い糸,コブクロ,まつりく,94.183,2025/04/09 00:03:10
大きな古時計,平井堅,まつりく,94.029,2025/04/09 00:13:29
大きな古時計,平井堅,まつりく,92.644,2025/04/09 00:22:52
StaRt,Mrs. GREEN APPLE,まつりく,88.923,2025/04/09 00:28:26
青と夏,Mrs. GREEN APPLE,まつりく,85.232,2025/04/09 00:36:48
恋だろ,wacci,まつりく,91.354,2025/04/09 00:50:17
水平線,back number,まつりく,94.252,2025/04/10 16:53:34
星を仰ぐ,菅田将暉,まつりく,93.769,2025/04/10 17:02:32
僕と僕,川崎鷹也,まつりく,93.060,2025/04/10 17:11:46
fish,back number,まつりく,92.602,2025/04/10 17:32:39
エンディング,back number,まつりく,92.798,2025/04/10 17:42:57
舌,My Hair is Bad,まつりく,76.294,2025/04/10 17:52:29
君の為のキミノウタ,川崎鷹也,まつりく,93.692,2025/04/10 17:57:38
道,EXILE,まつりく,94.089,2025/04/10 18:06:18
赤い糸,コブクロ,まつりく,94.402,2025/04/10 18:16:05
シングルベッド,シャ乱Q,まつりく,94.601,2025/04/10 18:30:40
猫,DISH//,まつりく,93.846,2025/04/10 18:40:43
かくれんぼ,優里,まつりく,90.586,2025/04/10 18:50:17
fish,back number,まつりく,93.539,2025/04/10 18:59:31
水平線,back number,まつりく,93.049,2025/04/21 12:00:58
fish,back number,まつりく,93.676,2025/04/21 12:05:29
僕と僕,川崎鷹也,まつりく,95.142,2025/04/21 12:10:52
別の人の彼女になったよ,wacci,まつりく,93.850,2025/04/21 12:16:45
僕と僕,川崎鷹也,まつりく,96.394,2025/04/25 16:59:30
僕と僕,川崎鷹也,まつりく,95.234,2025/04/25 17:09:08
水平線,back number,まつりく,95.403,2025/04/25 17:19:08
別の人の彼女になったよ,wacci,まつりく,95.037,2025/04/25 17:28:04
ドライフラワー,優里,まつりく,93.219,2025/04/25 17:37:42
fish,back number,まつりく,95.934,2025/04/25 17:47:51
猫,DISH//,まつりく,92.304,2025/04/25 17:57:34
エンディング,back number,まつりく,94.386,2025/04/25 18:07:16
くだらないの中に,星野 源,まつりく,91.954,2025/04/25 18:17:37
ダーリン,Mrs. GREEN APPLE,まつりく,92.967,2025/04/25 18:26:53
ライラック,Mrs. GREEN APPLE,まつりく,88.471,2025/04/25 18:38:15
familie,Mrs. GREEN APPLE,まつりく,89.333,2025/04/25 18:48:05
はなびら,back number,まつりく,93.291,2025/04/25 18:56:07
スーパースターになったら,back number,まつりく,87.819,2025/04/25 19:06:48
僕と僕,川崎鷹也,まつりく,94.275,2025/05/15 16:49:33
チェックのワンピース,back number,まつりく,92.450,2025/05/15 16:54:47
桜,コブクロ,まつりく,94.940,2025/05/15 17:03:52
水平線,back number,まつりく,92.309,2025/05/15 17:14:39
虜,My Hair is Bad,まつりく,87.184,2025/05/15 17:24:53
幻,My Hair is Bad,まつりく,91.765,2025/05/15 17:33:03
恋人ができたんだ,My Hair is Bad,まつりく,81.772,2025/05/15 17:55:00
ブルーアンバー,back number,まつりく,90.917,2025/05/15 18:04:14
僕と僕,川崎鷹也,まつりく,96.462,2025/05/15 18:14:37
シングルベッド,シャ乱Q,まつりく,95.790,2025/05/15 18:31:26
怪獣,サカナクション,まつりく,90.390,2025/05/15 18:41:26
君に届け,flumpool,まつりく,93.544,2025/05/15 18:52:48
歌うたいのバラッド,斉藤和義,まつりく,94.208,2025/05/15 19:02:59
虹,菅田将暉,まつりく,90.798,2025/05/15 19:13:38
Family Song,星野 源,まつりく,93.717,2025/05/15 19:23:20
猫,DISH//,まつりく,91.893,2025/05/15 19:33:25
エンディング,back number,まつりく,92.048,2025/05/15 19:42:07
君の為のキミノウタ(ビデオクリップバージョン),川崎鷹也,まつりく,95.267,2025/05/15 19:52:37
チェックのワンピース,back number,まつりく,95.264,2025/05/15 20:02:38
別の人の彼女になったよ,wacci,まつりく,93.908,2025/05/15 20:12:15
ドライフラワー,優里,まつりく,93.164,2025/05/15 20:23:29
サクラウサギ,川崎鷹也,まつりく,95.262,2025/05/15 20:32:42
ダーリン,Mrs. GREEN APPLE,まつりく,92.564,2025/05/15 20:43:45
舌,My Hair is Bad,まつりく,91.650,2025/05/15 20:53:20
僕と僕,川崎鷹也,まつりく,95.449,2025/05/19 15:21:21
舌,My Hair is Bad,まつりく,93.729,2025/05/19 15:30:44
ブルーアンバー,back number,まつりく,92.749,2025/05/19 15:38:38
ダーリン,Mrs. GREEN APPLE,まつりく,91.760,2025/05/19 15:49:19
エンディング,back number,まつりく,96.861,2025/05/19 16:00:24
チェックのワンピース,back number,まつりく,94.655,2025/05/19 16:10:59
シグナル,WANIMA,まつりく,82.327,2025/05/19 16:21:44
stay with me,back number,まつりく,93.658,2025/05/19 16:32:11
幻,My Hair is Bad,まつりく,93.584,2025/05/19 16:44:30
星を仰ぐ,菅田将暉,まつりく,93.475,2025/05/19 16:57:25
果てない空,嵐(アラシ),まつりく,94.564,2025/05/19 17:06:56
さよならエレジー,菅田将暉,まつりく,93.215,2025/05/19 17:17:06
僕と僕,川崎鷹也,まつりく,97.286,2025/05/19 17:25:34
fish,back number,まつりく,94.055,2025/05/19 17:36:23
桜,コブクロ,まつりく,96.455,2025/05/19 17:48:26
ドライフラワー,優里,まつりく,93.274,2025/05/19 18:00:00
哀しみロック,マカロニえんぴつ,まつりく,92.198,2025/05/19 18:10:15
リンジュー・ラヴ,マカロニえんぴつ,まつりく,88.555,2025/05/19 18:18:34
シングルベッド,シャ乱Q,まつりく,94.732,2025/05/19 18:27:03
恋,back number,まつりく,94.599,2025/05/19 18:36:47
Family Song,星野 源,まつりく,93.300,2025/05/19 18:46:00
Crazy Crazy,星野 源,まつりく,95.769,2025/05/19 18:55:20
地獄でなぜ悪い,星野 源,まつりく,91.761,2025/05/19 19:06:34
Monster,嵐(アラシ),まつりく,91.346,2025/05/19 19:12:30
繋いだ手から,back number,まつりく,93.334,2025/05/19 19:22:18
蕾,コブクロ,まつりく,93.430,2025/05/19 19:31:35
舌,My Hair is Bad,まつりく,92.574,2025/05/19 19:40:13
舌,My Hair is Bad,まつりく,91.716,2025/05/19 19:49:36
舌,My Hair is Bad,まつりく,92.936,2025/05/19 19:59:27
舌,My Hair is Bad,まつりく,93.227,2025/05/19 20:09:11
幻,My Hair is Bad,まつりく,93.831,2025/05/19 20:13:11
サクラウサギ,川崎鷹也,まつりく,94.305,2025/05/19 20:22:12
綾,My Hair is Bad,まつりく,86.001,2025/05/19 20:27:48
虜,My Hair is Bad,まつりく,86.424,2025/05/19 20:33:49
Lovers,sumika,まつりく,87.082,2025/05/19 20:37:42
僕と僕,川崎鷹也,まつりく,94.970,2025/05/19 20:42:17
僕と僕,川崎鷹也,まつりく,96.082,2025/05/19 20:47:49
僕と僕,川崎鷹也,まつりく,96.607,2025/05/22 16:55:55
エンディング,back number,まつりく,91.987,2025/05/22 17:04:26
エンディング,back number,まつりく,96.332,2025/05/22 17:12:39
ブルーアンバー,back number,まつりく,93.130,2025/05/22 17:22:19
世田谷ラブストーリー,back number,まつりく,91.120,2025/05/22 17:31:23
手紙,back number,まつりく,93.951,2025/05/22 17:40:39
わたがし,back number,まつりく,91.688,2025/05/22 17:55:25
シングルベッド,シャ乱Q,まつりく,95.465,2025/05/22 18:07:14
幻,My Hair is Bad,まつりく,93.798,2025/05/22 18:17:28
君の恋人になったら,back number,まつりく,92.332,2025/05/22 18:26:33
舌,My Hair is Bad,まつりく,92.178,2025/05/22 18:35:04
感情,wacci,まつりく,95.159,2025/05/22 18:44:13
哀しみロック,マカロニえんぴつ,まつりく,93.862,2025/05/22 18:54:05
星を仰ぐ,菅田将暉,まつりく,95.692,2025/05/22 19:02:24
赤い糸,コブクロ,まつりく,93.994,2025/05/22 19:11:58
Week End,星野 源,まつりく,89.342,2025/05/22 19:23:29
雨と僕の話,back number,まつりく,90.916,2025/05/22 19:31:58
灰色と青(+菅田将暉),米津玄師,まつりく,93.813,2025/05/22 19:40:42
君の為のキミノウタ(ビデオクリップバージョン),川崎鷹也,まつりく,93.437,2025/05/22 19:51:12
別の人の彼女になったよ,wacci,まつりく,93.876,2025/05/22 20:01:08
僕と僕,川崎鷹也,まつりく,97.067,2025/05/22 20:10:43
fish,back number,まつりく,95.205,2025/05/22 20:20:20
君に届け,flumpool,まつりく,94.697,2025/05/22 20:31:14
歌うたいのバラッド,斉藤和義,まつりく,95.731,2025/05/22 20:41:11
小さな恋のうた,MONGOL800,まつりく,94.708,2025/05/22 20:51:28
僕と僕,川崎鷹也,まつりく,95.028,2025/05/24 23:17:20
舌,My Hair is Bad,まつりく,90.388,2025/05/24 23:23:02
舌,My Hair is Bad,まつりく,90.697,2025/05/25 00:51:22
僕と僕,川崎鷹也,まつりく,96.041,2025/05/25 00:57:19
僕と僕,川崎鷹也,まつりく,96.255,2025/05/25 01:05:14
エンディング,back number,まつりく,94.287,2025/05/25 01:12:59
stay with me,back number,まつりく,92.546,2025/05/25 01:19:05
君の為のキミノウタ(ビデオクリップバージョン),川崎鷹也,まつりく,93.996,2025/05/25 01:25:24
舌,My Hair is Bad,まつりく,91.358,2025/05/25 01:40:13
歌うたいのバラッド,斉藤和義,まつりく,94.899,2025/05/25 01:44:34
僕と僕,川崎鷹也,まつりく,95.220,2025/05/30 16:47:51
真赤,My Hair is Bad,まつりく,88.289,2025/05/30 16:57:25
真赤,My Hair is Bad,まつりく,87.875,2025/05/30 17:05:36
綾,My Hair is Bad,まつりく,87.022,2025/05/30 17:13:58
化粧,My Hair is Bad,まつりく,85.921,2025/05/30 17:23:47
真赤,My Hair is Bad,まつりく,88.536,2025/05/30 17:32:41
舌,My Hair is Bad,まつりく,94.152,2025/05/30 17:40:51
幻,My Hair is Bad,まつりく,92.941,2025/05/30 17:49:18
ダーリン,Mrs. GREEN APPLE,まつりく,92.434,2025/05/30 17:57:35
チェックのワンピース,back number,まつりく,95.161,2025/05/30 18:07:15
チェックのワンピース,back number,まつりく,95.624,2025/05/30 18:16:37
チェックのワンピース,back number,まつりく,94.345,2025/05/30 18:26:24
ブルーアンバー,back number,まつりく,92.546,2025/05/30 18:35:54
ブルーアンバー,back number,まつりく,90.927,2025/05/30 18:44:25
黄色,back number,まつりく,93.372,2025/05/30 18:53:08
HAPPY BIRTHDAY,back number,まつりく,92.156,2025/05/30 19:04:29
エンディング,back number,まつりく,95.184,2025/05/30 19:13:54
fish,back number,まつりく,94.808,2025/05/30 19:24:58
シングルベッド,シャ乱Q,まつりく,94.100,2025/05/30 19:35:20
僕と僕,川崎鷹也,まつりく,95.427,2025/05/30 19:45:19
僕と僕,川崎鷹也,まつりく,95.580,2025/05/30 19:55:40
僕と僕,川崎鷹也,まつりく,95.102,2025/05/30 20:05:37
桜,コブクロ,まつりく,95.979,2025/05/30 20:15:09
僕と僕,川崎鷹也,まつりく,95.879,2025/05/30 20:29:18
僕と僕,川崎鷹也,まつりく,94.991,2025/06/03 14:34:19
舌,My Hair is Bad,まつりく,92.558,2025/06/03 14:40:18
僕と僕,川崎鷹也,まつりく,95.244,2025/06/03 14:49:23
僕と僕,川崎鷹也,まつりく,94.513,2025/06/03 14:57:36
ブルーアンバー,back number,まつりく,92.414,2025/06/03 15:06:11
stay with me,back number,まつりく,92.208,2025/06/03 15:25:37
僕と僕,川崎鷹也,まつりく,95.328,2025/06/03 15:38:58
僕と僕,川崎鷹也,まつりく,95.956,2025/06/03 15:46:01
僕と僕,川崎鷹也,まつりく,97.765,2025/06/03 15:59:04
fish,back number,まつりく,94.935,2025/06/03 16:07:10
ささえる人の歌,back number,まつりく,90.515,2025/06/03 16:13:39
舌,My Hair is Bad,まつりく,93.744,2025/06/03 16:21:01
舌,My Hair is Bad,まつりく,92.360,2025/06/03 16:35:44
綾,My Hair is Bad,まつりく,88.671,2025/06/03 16:49:18
ダーリン,Mrs. GREEN APPLE,まつりく,92.592,2025/06/03 17:05:41
くだらないの中に,星野 源,まつりく,94.134,2025/06/03 17:15:45
Family Song,星野 源,まつりく,93.254,2025/06/03 17:21:40
桜晴,優里,まつりく,93.474,2025/06/03 17:27:56
リンジュー・ラヴ,マカロニえんぴつ,まつりく,89.108,2025/06/03 17:32:30
Week End,星野 源,まつりく,92.419,2025/06/03 17:36:55
黄色,back number,まつりく,91.570,2025/06/03 17:42:29
チェックのワンピース,back number,まつりく,94.182,2025/06/03 17:54:56
fish,back number,まつりく,93.271,2025/06/03 18:08:15
エンディング,back number,まつりく,93.314,2025/06/03 18:18:12
僕と僕,川崎鷹也,まつりく,96.029,2025/06/03 18:27:22
星を仰ぐ,菅田将暉,まつりく,93.572,2025/06/03 18:33:48
エンディング,back number,まつりく,96.163,2025/06/03 18:39:46
fish,back number,まつりく,93.130,2025/06/03 18:49:26
Monster,嵐(アラシ),まつりく,93.750,2025/06/03 18:56:58
シングルベッド,シャ乱Q,まつりく,93.785,2025/06/03 19:05:44
道,EXILE,まつりく,94.091,2025/06/03 19:13:58
恋,back number,まつりく,94.249,2025/06/03 19:24:59
僕と僕,川崎鷹也,まつりく,94.763,2025/06/03 19:39:11
僕と僕,川崎鷹也,まつりく,96.743,2025/06/03 19:48:20
fish,back number,まつりく,94.632,2025/06/03 19:53:50
愛着,My Hair is Bad,まつりく,92.174,2025/07/10 16:20:43
僕と僕,川崎鷹也,まつりく,95.821,2025/07/10 16:30:53
エンディング,back number,まつりく,93.226,2025/07/10 16:40:32
Week End,星野 源,まつりく,90.216,2025/07/10 16:49:22
舌,My Hair is Bad,まつりく,94.520,2025/07/10 16:59:26
幻,My Hair is Bad,まつりく,93.341,2025/07/10 17:09:10
ブルーアンバー,back number,まつりく,88.751,2025/07/10 17:18:10
stay with me,back number,まつりく,91.592,2025/07/10 17:28:02
キミがいれば,伊織,まつりく,87.022,2025/07/10 17:37:43
桜晴,優里,まつりく,93.565,2025/07/10 17:45:09
真赤,My Hair is Bad,まつりく,89.537,2025/07/10 17:54:50
手紙,back number,まつりく,90.808,2025/07/10 18:04:11
僕と僕,川崎鷹也,まつりく,96.671,2025/07/10 18:13:00
シングルベッド,シャ乱Q,まつりく,95.629,2025/07/10 18:22:39
Crazy Crazy,星野 源,まつりく,92.723,2025/07/10 18:34:16
breakfast,Mrs. GREEN APPLE,まつりく,75.468,2025/07/10 18:44:12
桜,コブクロ,まつりく,94.801,2025/07/10 18:47:55
リンジュー・ラヴ,マカロニえんぴつ,まつりく,86.509,2025/07/10 18:56:34
愛着,My Hair is Bad,まつりく,88.866,2025/07/23 16:18:01
ひまわりの約束,秦 基博,まつりく,94.646,2025/07/23 16:32:05
ロングホープ・フィリア,菅田将暉,まつりく,89.894,2025/07/23 16:46:38
哀しみロック,マカロニえんぴつ,まつりく,92.142,2025/07/23 16:55:59
僕と僕,川崎鷹也,まつりく,97.015,2025/07/23 17:04:01
真赤,My Hair is Bad,まつりく,88.922,2025/07/23 17:13:32
stay with me,back number,まつりく,92.687,2025/07/23 17:22:17
雨と僕の話,back number,まつりく,89.844,2025/07/23 17:32:50
綾,My Hair is Bad,まつりく,89.482,2025/07/23 17:43:25
小さな恋のうた,MONGOL800,まつりく,91.782,2025/07/23 17:53:27
fish,back number,まつりく,94.955,2025/07/23 18:05:34
ブルーアンバー,back number,まつりく,92.975,2025/07/23 18:12:20
エンディング,back number,まつりく,94.902,2025/07/23 18:21:03
vivi,米津玄師,まつりく,91.346,2025/07/23 18:45:33
vivi,米津玄師,まつりく,91.507,2025/07/23 18:50:57
vivi,米津玄師,まつりく,92.617,2025/07/23 18:55:43
まちがいさがし,菅田将暉,まつりく,91.231,2025/07/23 19:01:30
桜晴,優里,まつりく,93.983,2025/07/23 19:10:31
青い春,back number,まつりく,88.500,2025/07/23 19:19:46
助演女優症2,back number,まつりく,82.861,2025/07/23 19:25:28
シングルベッド,シャ乱Q,まつりく,96.265,2025/07/23 19:33:12
カレンダー,川崎鷹也,まつりく,91.414,2025/07/23 19:44:52
星を仰ぐ,菅田将暉,まつりく,93.683,2025/07/23 19:55:13
僕と僕,川崎鷹也,まつりく,94.440,2025/07/31 14:27:02
星を仰ぐ,菅田将暉,まつりく,93.848,2025/07/31 14:36:44
vivi,米津玄師,まつりく,92.368,2025/07/31 14:46:15
エンディング,back number,まつりく,93.236,2025/07/31 14:56:59
ブルーアンバー,back number,まつりく,90.977,2025/07/31 15:03:51
fish,back number,まつりく,92.014,2025/07/31 15:15:43
snow jam,Rin音,まつりく,87.497,2025/07/31 15:25:56
ロングホープ・フィリア,菅田将暉,まつりく,92.537,2025/07/31 15:34:02
恋だろ(生音),wacci,まつりく,91.304,2025/07/31 15:43:51
愛着,My Hair is Bad,まつりく,91.646,2025/07/31 15:54:18
恋人ができたんだ,My Hair is Bad,まつりく,91.472,2025/07/31 16:05:44
舌,My Hair is Bad,まつりく,92.886,2025/07/31 16:17:18
幻,My Hair is Bad,まつりく,94.656,2025/07/31 16:26:15
いつか結婚しても,My Hair is Bad,まつりく,93.157,2025/07/31 16:39:10
化粧,My Hair is Bad,まつりく,90.251,2025/07/31 16:49:23
味方,My Hair is Bad,まつりく,80.768,2025/07/31 17:00:25
思い出をかけぬけて,My Hair is Bad,まつりく,89.860,2025/07/31 17:10:50
告白,My Hair is Bad,まつりく,88.471,2025/07/31 17:20:18
時代,My Hair is Bad,まつりく,83.237,2025/07/31 17:27:58
次回予告,My Hair is Bad,まつりく,88.878,2025/07/31 17:39:35
微熱,My Hair is Bad,まつりく,85.385,2025/07/31 17:47:37
自由とヒステリー,My Hair is Bad,まつりく,87.137,2025/07/31 17:55:25
僕と僕,川崎鷹也,まつりく,96.638,2025/07/31 18:18:58
僕と僕,川崎鷹也,まつりく,97.066,2025/07/31 18:24:48
僕と僕,川崎鷹也,まつりく,96.230,2025/07/31 18:34:27
くだらないの中に,星野 源,まつりく,95.236,2025/07/31 18:47:44
stay with me,back number,まつりく,94.483,2025/07/31 18:56:54
ドライフラワー,優里,まつりく,92.654,2025/07/31 19:03:48
僕と僕,川崎鷹也,まつりく,94.377,2025/08/04 20:42:46
僕と僕,川崎鷹也,まつりく,94.106,2025/08/04 20:56:11
ロングホープ・フィリア,菅田将暉,まつりく,91.223,2025/08/04 21:08:21
ブルーアンバー,back number,まつりく,91.253,2025/08/04 21:17:30
綾,My Hair is Bad,まつりく,93.281,2025/08/04 21:27:06
愛着,My Hair is Bad,まつりく,92.413,2025/08/04 21:38:26
fish,back number,まつりく,95.090,2025/08/04 21:49:31
電車の窓から,back number,まつりく,92.719,2025/08/04 21:59:30
黄色,back number,まつりく,93.559,2025/08/04 22:09:21
いつか結婚しても,My Hair is Bad,まつりく,93.116,2025/08/04 22:19:22
化粧,My Hair is Bad,まつりく,93.406,2025/08/04 22:28:23
オールドファッション,back number,まつりく,90.773,2025/08/04 22:37:13
真赤,My Hair is Bad,まつりく,89.444,2025/08/04 22:45:31
Week End,星野 源,まつりく,92.801,2025/08/04 22:53:16
チェリー,スピッツ,まつりく,94.137,2025/08/04 23:02:07
手紙,back number,まつりく,95.671,2025/08/04 23:12:44
別の人の彼女になったよ,wacci,まつりく,95.291,2025/08/04 23:22:35
歌うたいのバラッド,斉藤和義,まつりく,94.318,2025/08/05 00:05:43
僕と僕,川崎鷹也,まつりく,95.911,2025/08/05 00:33:24
エンディング,back number,まつりく,95.324,2025/08/05 00:44:15
Family Song,星野 源,まつりく,94.868,2025/08/05 00:55:21
僕は君の事が好きだけど君は僕を別に好きじゃないみたい,back number,まつりく,92.350,2025/08/05 01:04:17
幕が上がる,back number,まつりく,90.274,2025/08/05 01:14:42
猫,DISH//,まつりく,90.930,2025/08/05 01:24:13
地獄でなぜ悪い,星野 源,まつりく,92.198,2025/08/05 01:32:21
桜,コブクロ,まつりく,95.791,2025/08/05 01:42:41
星を仰ぐ,菅田将暉,まつりく,94.249,2025/08/05 01:52:39
明日への手紙,手嶌 葵,まつりく,94.684,2025/08/05 02:07:41
僕と僕,川崎鷹也,まつりく,97.030,2025/08/05 02:35:25
チェックのワンピース,back number,まつりく,93.986,2025/08/05 04:27:37
僕と僕,川崎鷹也,まつりく,94.547,2025/08/09 18:38:20
手紙,back number,まつりく,93.913,2025/08/09 18:51:46
エンディング,back number,まつりく,94.270,2025/08/09 19:03:14
ブルーアンバー,back number,まつりく,91.866,2025/08/09 19:14:08
stay with me,back number,まつりく,93.514,2025/08/09 19:22:44
いつか結婚しても,My Hair is Bad,まつりく,92.551,2025/08/09 19:33:09
次回予告,My Hair is Bad,まつりく,92.054,2025/08/09 19:50:01
微熱,My Hair is Bad,まつりく,90.488,2025/08/09 19:58:59
愛着,My Hair is Bad,まつりく,94.582,2025/08/09 20:09:03
綾,My Hair is Bad,まつりく,93.902,2025/08/09 20:15:42
fish,back number,まつりく,95.126,2025/08/09 20:34:32
幻,My Hair is Bad,まつりく,93.127,2025/08/09 21:40:53
breakfast,Mrs. GREEN APPLE,まつりく,82.500,2025/08/09 21:56:42
赤い花火,back number,まつりく,83.316,2025/08/09 22:09:10
僕と僕,川崎鷹也,まつりく,94.471,2025/08/09 22:20:00
綾,My Hair is Bad,まつりく,90.939,2025/08/09 22:54:46
哀しみロック,マカロニえんぴつ,まつりく,92.099,2025/08/09 23:18:54
電車の窓から,back number,まつりく,92.571,2025/08/09 23:31:19
雨と僕の話,back number,まつりく,92.764,2025/08/09 23:46:20
思い出せなくなるその日まで,back number,まつりく,92.731,2025/08/09 23:59:25
スーパースターになったら,back number,まつりく,87.111,2025/08/10 00:12:08
大不正解,back number,まつりく,88.516,2025/08/10 00:24:34
日曜日,back number,まつりく,87.976,2025/08/10 00:36:38
Week End,星野 源,まつりく,91.848,2025/08/10 00:51:13
つながリーヨ(アニメバージョン),T-Pistonz+KMC,まつりく,88.783,2025/08/10 01:04:14
真赤,My Hair is Bad,まつりく,89.185,2025/08/10 01:19:32
GONG,WANIMA,まつりく,86.850,2025/08/10 01:33:45
シグナル,WANIMA,まつりく,82.733,2025/08/10 01:47:37
SISTER,back number,まつりく,87.380,2025/08/10 03:33:38
僕と僕,川崎鷹也,まつりく,95.411,2025/08/12 18:20:46
fish,back number,まつりく,94.428,2025/08/12 18:36:06
stay with me,back number,まつりく,94.261,2025/08/12 18:47:45
手紙,back number,まつりく,93.401,2025/08/12 19:02:12
僕と僕,川崎鷹也,まつりく,96.077,2025/08/12 19:16:25
エンディング,back number,まつりく,94.878,2025/08/12 19:36:31
ヒロイン,back number,まつりく,90.745,2025/08/12 19:52:18
いつか結婚しても,My Hair is Bad,まつりく,91.461,2025/08/12 20:06:28
自由とヒステリー,My Hair is Bad,まつりく,91.225,2025/08/12 20:20:39
味方,My Hair is Bad,まつりく,87.523,2025/08/12 20:33:29
次回予告,My Hair is Bad,まつりく,91.982,2025/08/12 20:43:24
真赤,My Hair is Bad,まつりく,89.357,2025/08/12 20:56:50
幻,My Hair is Bad,まつりく,90.200,2025/08/12 21:09:02
元彼女として,My Hair is Bad,まつりく,85.964,2025/08/12 21:21:53
思い出をかけぬけて,My Hair is Bad,まつりく,89.971,2025/08/12 21:36:24
音楽家になりたくて,My Hair is Bad,まつりく,91.237,2025/08/12 21:44:28
青い春,back number,まつりく,87.931,2025/08/12 21:56:51
卒業,My Hair is Bad,まつりく,82.396,2025/08/12 22:18:01
一母八花,My Hair is Bad,まつりく,84.720,2025/08/12 22:28:08
ライラック,Mrs. GREEN APPLE,まつりく,89.656,2025/08/12 22:45:33
哀しみロック,マカロニえんぴつ,まつりく,93.334,2025/08/12 22:58:34
ヤングアダルト,マカロニえんぴつ,まつりく,90.461,2025/08/12 23:11:37
猫,DISH//,まつりく,92.616,2025/08/12 23:21:50
舌,My Hair is Bad,まつりく,93.167,2025/08/12 23:40:04
僕のこと,Mrs. GREEN APPLE,まつりく,88.138,2025/08/12 23:49:50
水平線,back number,まつりく,93.910,2025/08/13 00:01:56
僕と僕,川崎鷹也,まつりく,91.336,2025/08/13 01:03:59
僕と僕,川崎鷹也,まつりく,92.718,2025/08/13 01:19:47
僕と僕,川崎鷹也,まつりく,97.711,2025/08/13 02:46:18
さよならエレジー,菅田将暉,まつりく,92.935,2025/08/13 03:01:27
Friend Ship,星野 源,まつりく,93.458,2025/08/13 03:15:07
恋だろ,wacci,まつりく,93.733,2025/08/13 03:29:34
恋だろ,wacci,まつりく,92.968,2025/08/13 03:44:47
Week End,星野 源,まつりく,91.703,2025/08/13 03:58:11
僕と僕,川崎鷹也,まつりく,94.526,2025/08/20 23:19:56
愛着,My Hair is Bad,まつりく,93.260,2025/08/20 23:29:52
思い出せなくなるその日まで,back number,まつりく,92.690,2025/08/20 23:40:58
はなびら,back number,まつりく,92.522,2025/08/20 23:51:03
グッバイ・マイマリー,My Hair is Bad,まつりく,87.729,2025/08/20 23:59:36
元彼女として,My Hair is Bad,まつりく,85.414,2025/08/21 00:07:21
fish,back number,まつりく,94.407,2025/08/21 00:12:59
感情,wacci,まつりく,96.083,2025/08/21 00:26:58
ひまわりの約束,秦 基博,まつりく,95.053,2025/08/21 00:38:54
僕は君の事が好きだけど君は僕を別に好きじゃないみたい,back number,まつりく,94.504,2025/08/21 00:51:59
ロングホープ・フィリア,菅田将暉,まつりく,94.374,2025/08/21 01:02:32
化粧,My Hair is Bad,まつりく,92.809,2025/08/21 01:18:27
Family Song,星野 源,まつりく,92.117,2025/08/21 01:31:13
シャルル,バルーン,まつりく,90.273,2025/08/21 01:42:59
シングルベッド,シャ乱Q,まつりく,93.650,2025/08/21 02:00:25
シングルベッド,シャ乱Q,まつりく,93.837,2025/08/21 02:30:13
エンディング,back number,まつりく,94.756,2025/08/21 02:41:47
虹色の戦争,SEKAI NO OWARI(世界の終わり),まつりく,92.158,2025/08/21 02:53:05
恋,星野 源,まつりく,92.186,2025/08/21 03:15:31
冬と春,back number,まつりく,90.154,2025/08/21 03:23:39
おかえり,Tani Yuuki,まつりく,90.442,2025/08/21 03:34:52
正解,RADWIMPS,まつりく,94.707,2025/08/21 03:44:01
セプテンバーさん,RADWIMPS,まつりく,90.968,2025/08/21 03:55:07
アップルパイ,back number,まつりく,87.529,2025/08/21 04:13:55
ピースサイン,米津玄師,まつりく,90.169,2025/08/21 04:22:35
僕と僕,川崎鷹也,まつりく,96.216,2025/08/21 04:33:33
僕と僕,川崎鷹也,まつりく,96.129,2025/08/21 05:13:42
僕と僕,川崎鷹也,まつりく,93.620,2025/08/21 22:58:02
僕と僕,川崎鷹也,まつりく,94.860,2025/08/21 23:08:44
僕と僕,川崎鷹也,まつりく,95.346,2025/08/21 23:22:35
エンディング,back number,まつりく,93.963,2025/08/21 23:41:49
幕が上がる,back number,まつりく,93.164,2025/08/21 23:53:33
花束,back number,まつりく,91.886,2025/08/22 00:03:37
電車の窓から,back number,まつりく,93.639,2025/08/22 00:14:36
電車の窓から,back number,まつりく,92.592,2025/08/22 00:25:25
電車の窓から,back number,まつりく,93.537,2025/08/22 00:34:59
電車の窓から,back number,まつりく,94.846,2025/08/22 00:44:08
舌,My Hair is Bad,まつりく,93.130,2025/08/22 00:52:07
stay with me,back number,まつりく,93.443,2025/08/22 01:01:53
stay with me,back number,まつりく,93.217,2025/08/22 01:12:15
くだらないの中に,星野 源,まつりく,91.609,2025/08/22 01:23:01
05410-(ん),RADWIMPS,まつりく,75.324,2025/08/22 01:33:08
くだらないの中に,星野 源,まつりく,93.190,2025/08/22 01:34:59
くだらないの中に,星野 源,まつりく,93.945,2025/08/22 01:42:16
fish,back number,まつりく,93.382,2025/08/22 01:50:52
Friend Ship,星野 源,まつりく,92.495,2025/08/22 02:01:40
君の為のキミノウタ,川崎鷹也,まつりく,93.652,2025/08/22 02:11:38
綾,My Hair is Bad,まつりく,92.431,2025/08/22 02:28:42
幻,My Hair is Bad,まつりく,93.323,2025/08/22 02:45:32
味方,My Hair is Bad,まつりく,90.012,2025/08/22 03:06:11
次回予告,My Hair is Bad,まつりく,91.490,2025/08/22 03:15:59
クリスマスソング,back number,まつりく,92.876,2025/08/22 03:25:58
一母八花,My Hair is Bad,まつりく,87.150,2025/08/22 03:34:32
グッバイ・マイマリー,My Hair is Bad,まつりく,89.479,2025/08/22 03:41:31
微熱,My Hair is Bad,まつりく,90.427,2025/08/22 03:48:56
音楽家になりたくて,My Hair is Bad,まつりく,90.480,2025/08/22 03:56:48
革命はいつも,My Hair is Bad,まつりく,83.976,2025/08/22 04:05:10
あかり,My Hair is Bad,まつりく,88.702,2025/08/22 04:13:14
青い春,back number,まつりく,90.168,2025/08/22 04:58:54
GONG,WANIMA,まつりく,87.597,2025/08/22 05:22:17
僕と僕,川崎鷹也,まつりく,96.378,2025/08/27 13:12:48
僕と僕,川崎鷹也,まつりく,95.859,2025/08/27 13:24:05
綾,My Hair is Bad,まつりく,93.186,2025/08/27 13:35:56
電車の窓から,back number,まつりく,92.657,2025/08/27 13:46:59
ドラマみたいだ,My Hair is Bad,まつりく,86.527,2025/08/27 13:55:39
悪い癖,My Hair is Bad,まつりく,85.944,2025/08/27 14:04:33
自由とヒステリー,My Hair is Bad,まつりく,90.951,2025/08/27 14:12:11
味方,My Hair is Bad,まつりく,88.420,2025/08/27 14:18:59
告白,My Hair is Bad,まつりく,86.571,2025/08/27 14:27:44
時代,My Hair is Bad,まつりく,84.792,2025/08/27 14:36:13
エンディング,back number,まつりく,96.219,2025/08/27 14:42:47
幸せ,back number,まつりく,93.230,2025/08/27 14:56:37
僕と僕,川崎鷹也,まつりく,96.298,2025/08/29 18:21:01
fish,back number,まつりく,94.190,2025/08/29 18:33:15
チェックのワンピース,back number,まつりく,96.363,2025/08/29 18:45:07
stay with me,back number,まつりく,94.266,2025/08/29 18:56:24
ブルーアンバー,back number,まつりく,92.631,2025/08/29 19:07:58
エンディング,back number,まつりく,97.568,2025/08/29 19:15:53
手紙,back number,まつりく,94.619,2025/08/29 19:26:52
水平線,back number,まつりく,94.908,2025/08/29 19:35:28
僕は君の事が好きだけど君は僕を別に好きじゃないみたい,back number,まつりく,93.603,2025/08/29 19:46:53
思い出せなくなるその日まで,back number,まつりく,93.128,2025/08/29 19:56:24
アイラブユー,back number,まつりく,95.812,2025/08/29 20:05:57
黄色,back number,まつりく,94.740,2025/08/29 20:14:29
幸せ,back number,まつりく,93.462,2025/08/29 20:26:21
ドラマみたいだ,My Hair is Bad,まつりく,88.699,2025/08/29 20:39:56
綾,My Hair is Bad,まつりく,92.897,2025/08/29 20:49:01
思い出をかけぬけて,My Hair is Bad,まつりく,91.116,2025/08/29 21:01:46
悪い癖,My Hair is Bad,まつりく,88.215,2025/08/29 21:09:39
真赤,My Hair is Bad,まつりく,88.950,2025/08/29 21:21:53
真赤,My Hair is Bad,まつりく,89.686,2025/08/29 21:29:08
化粧,My Hair is Bad,まつりく,93.392,2025/08/29 21:38:22
次回予告,My Hair is Bad,まつりく,92.596,2025/08/29 21:48:32
音楽家になりたくて,My Hair is Bad,まつりく,94.221,2025/08/29 21:58:22
グッバイ・マイマリー,My Hair is Bad,まつりく,91.015,2025/08/29 22:06:18
微熱,My Hair is Bad,まつりく,90.087,2025/08/29 22:14:11
分かってないよ,WurtS,まつりく,88.825,2025/08/29 22:21:50
ワンナイト,ヤングスキニー,まつりく,92.484,2025/08/29 22:31:16
哀しみロック,マカロニえんぴつ,まつりく,93.301,2025/08/29 22:42:17
vivi,米津玄師,まつりく,94.173,2025/08/29 22:56:03
虹,菅田将暉,まつりく,93.903,2025/08/29 23:07:44
Lemon,米津玄師,まつりく,93.413,2025/08/29 23:13:29
悪い癖,My Hair is Bad,まつりく,87.280,2025/08/29 23:26:25
桜晴,優里,まつりく,94.477,2025/08/29 23:35:32
粉雪,レミオロメン,まつりく,94.704,2025/08/29 23:47:25
粉雪,レミオロメン,まつりく,94.477,2025/08/30 00:02:27
粉雪,レミオロメン,まつりく,94.238,2025/08/30 00:56:47
粉雪,レミオロメン,まつりく,93.728,2025/08/30 01:30:40
別の人の彼女になったよ,wacci,まつりく,94.500,2025/08/30 02:28:29
幕が上がる,back number,まつりく,92.774,2025/08/30 02:52:46
虹,嵐(アラシ),まつりく,93.297,2025/08/30 03:07:42
me me she,RADWIMPS,まつりく,87.795,2025/08/30 03:16:39
stay with me,back number,まつりく,94.770,2025/08/31 22:20:26
悪い癖,My Hair is Bad,まつりく,88.893,2025/08/31 22:46:49
エンディング,back number,まつりく,95.386,2025/08/31 23:19:37
哀しみロック,マカロニえんぴつ,まつりく,94.614,2025/08/31 23:27:17
ブルーアンバー,back number,まつりく,92.398,2025/08/31 23:33:26
水平線,back number,まつりく,94.675,2025/08/31 23:39:21
繋いだ手から,back number,まつりく,90.007,2025/08/31 23:45:32
幕が上がる,back number,まつりく,93.378,2025/09/01 00:34:28
僕と僕,川崎鷹也,まつりく,95.965,2025/09/01 18:18:21
悪い癖,My Hair is Bad,まつりく,88.476,2025/09/01 18:33:28
幻,My Hair is Bad,まつりく,93.293,2025/09/01 18:55:08
ドラマみたいだ,My Hair is Bad,まつりく,90.684,2025/09/01 19:19:02
レオ,優里,まつりく,91.534,2025/09/01 19:37:29
眠り姫,SEKAI NO OWARI(世界の終わり),まつりく,92.639,2025/09/01 19:52:22
感情,wacci,まつりく,93.882,2025/09/01 20:03:43
感情,wacci,まつりく,94.639,2025/09/01 20:25:10
自由とヒステリー,My Hair is Bad,まつりく,93.265,2025/09/01 20:41:58
チェックのワンピース,back number,まつりく,94.437,2025/09/01 21:00:12
チェックのワンピース,back number,まつりく,94.583,2025/09/01 21:13:21
電車の窓から,back number,まつりく,94.294,2025/09/01 21:41:35
電車の窓から,back number,まつりく,94.093,2025/09/01 21:54:55
世界に一つだけの花,SMAP,まつりく,93.424,2025/09/01 22:07:42
一母八花,My Hair is Bad,まつりく,89.071,2025/09/01 22:22:04
真赤,My Hair is Bad,まつりく,88.073,2025/09/01 22:32:45
味方,My Hair is Bad,まつりく,92.402,2025/09/01 22:44:51
思い出をかけぬけて,My Hair is Bad,まつりく,91.533,2025/09/01 23:09:37
チェックのワンピース,back number,まつりく,93.559,2025/09/02 00:42:27
チェックのワンピース,back number,まつりく,94.105,2025/09/02 00:55:51
悪い癖,My Hair is Bad,まつりく,88.536,2025/09/02 01:26:06
グッバイ・マイマリー,My Hair is Bad,まつりく,89.269,2025/09/02 01:39:47
結婚しようよ,My Hair is Bad,まつりく,85.840,2025/09/02 01:48:02
瞳にめざめて,My Hair is Bad,まつりく,88.942,2025/09/02 02:05:40
告白,My Hair is Bad,まつりく,89.928,2025/09/02 02:23:37
浮気のとなりで,My Hair is Bad,まつりく,88.794,2025/09/02 02:32:48
接吻とフレンド,My Hair is Bad,まつりく,90.662,2025/09/02 02:43:14
運命,My Hair is Bad,まつりく,86.768,2025/09/02 02:54:22
あかり,My Hair is Bad,まつりく,89.929,2025/09/02 03:07:41
三茶物語,ヤングスキニー,まつりく,87.561,2025/09/02 03:22:07
ピーターパン,優里,まつりく,87.031,2025/09/02 03:33:27
キケンナアソビ,クリープハイプ,まつりく,85.383,2025/09/02 03:49:23
CHEERS,Mrs. GREEN APPLE,まつりく,82.754,2025/09/02 04:02:30
#情とは,This is LAST,まつりく,89.621,2025/09/02 04:10:10
悪い癖,My Hair is Bad,まつりく,91.818,2025/09/08 21:14:59
結婚しようよ,My Hair is Bad,まつりく,86.984,2025/09/08 21:25:25
雨と僕の話,back number,まつりく,93.766,2025/09/08 21:34:12
チェックのワンピース,back number,まつりく,93.138,2025/09/08 21:43:41
愛着,My Hair is Bad,まつりく,94.739,2025/09/08 21:53:19
いつか結婚しても,My Hair is Bad,まつりく,92.334,2025/09/08 22:03:35
卒業,My Hair is Bad,まつりく,89.671,2025/09/08 22:11:57
運命,My Hair is Bad,まつりく,86.897,2025/09/08 22:22:52
赤い花火,back number,まつりく,90.036,2025/09/08 22:31:52
サマーワンダーランド,back number,まつりく,90.686,2025/09/08 22:41:15
春を歌にして,back number,まつりく,90.073,2025/09/08 22:49:58
瞳をとじて,平井堅,まつりく,93.351,2025/09/08 23:02:12
僕と僕,川崎鷹也,まつりく,97.665,2025/09/08 23:32:03
あかり,My Hair is Bad,まつりく,90.427,2025/09/08 23:45:54
次回予告,My Hair is Bad,まつりく,93.751,2025/09/08 23:54:05
微熱,My Hair is Bad,まつりく,88.789,2025/09/09 00:06:57
青,My Hair is Bad,まつりく,90.654,2025/09/09 00:16:55
綾,My Hair is Bad,まつりく,90.644,2025/09/09 00:39:46
真赤,My Hair is Bad,まつりく,91.353,2025/09/09 00:58:34
恋人ができたんだ,My Hair is Bad,まつりく,91.917,2025/09/09 01:11:32
結婚しようよ,My Hair is Bad,まつりく,90.367,2025/09/09 01:35:46
関白宣言,My Hair is Bad,まつりく,90.110,2025/09/09 01:50:12
#情とは,This is LAST,まつりく,91.969,2025/09/09 02:28:48
世界に一つだけの花,SMAP,まつりく,95.139,2025/09/09 04:05:27
微熱,My Hair is Bad,まつりく,89.006,2025/09/09 04:58:28
